uts,utc_time,artist,artist_mbid,album,album_mbid,track,track_mbid
"1699451169","08 Nov 2023, 13:46","Charli XCX","260b6184-8828-48eb-945c-bc4cb6fc34ca","CRASH","0c41aa7d-de57-4d98-a3c0-4c740834b410","New Shapes (feat. Christine and the Queens and Caroline Polachek)",""
"1699450893","08 Nov 2023, 13:41","Mim Jensen","","Emotional Affair","","Germaphobe",""
"1699450647","08 Nov 2023, 13:37","Michael Cera Palin","0acc305d-e58b-4e76-bc17-630345c14b38","I Don't Know How to Explain It","","If It Makes You Happy","7f83640a-0baf-4ca3-a814-c70f1c803b98"
"1699450398","08 Nov 2023, 13:33","Indigo Girls","00c49f40-d715-4b79-b223-432048602cce","Indigo Girls (Expanded Edition)","","Secure Yourself","00b8d0bb-cd1f-4086-8738-6dc0d5f687fe"
"1699450240","08 Nov 2023, 13:30","Charli XCX","260b6184-8828-48eb-945c-bc4cb6fc34ca","Charli","6fdb3260-eac7-4ad9-8c72-92f45d9ca836","Next Level Charli","28c7cbec-2f0a-452a-930d-cff6c065e99b"
"1699450040","08 Nov 2023, 13:27","Charli XCX","260b6184-8828-48eb-945c-bc4cb6fc34ca","CRASH","0c41aa7d-de57-4d98-a3c0-4c740834b410","New Shapes (feat. Christine and the Queens and Caroline Polachek)",""
"1699425081","08 Nov 2023, 06:31","American Football","4ebb5ad3-9018-407d-8c24-c03011ab9ac6","American Football (LP2)","","Desire Gets in the Way","1efae236-3460-4970-baad-3c71e2cd0fe7"
"1699424982","08 Nov 2023, 06:29","Palmistry","","Tinkerbell","8086eba4-a35d-48de-b7ad-34ffd8794a5c","Brexia",""
"1699424798","08 Nov 2023, 06:26","Chappell Roan","56a55378-f155-48de-80a5-d80104221267","HOT TO GO!","","HOT TO GO!","e619cd9d-ee35-4e37-8ee1-51b992ab95d7"
"1699424653","08 Nov 2023, 06:24","Free Cake For Every Creature","16f0ea6f-908f-4dcf-b0e0-473ce60b584e","Talking Quietly Of Anything With You","0d5e20f3-c176-466b-a58b-ffd3cafebdbe","For You","a284e196-7a1c-48e7-9ceb-9b0c4968245a"
"1699424528","08 Nov 2023, 06:22","Moontype","b9e16954-0de4-46a8-a3fc-a33603a37df7","Bodies of Water","1f73a6a3-99fc-4d73-b529-c9f7afdcd81c","About You","4f037613-6804-4e0e-a141-28fe2808f25c"
"1699424297","08 Nov 2023, 06:18","The Mountain Goats","9639cd52-c351-4a17-9797-58880e95a7ef","The Sunset Tree","2d66c5e3-c1f0-440c-96b7-fd4578ecb8c7","This Year","39d4573a-b566-3d20-9568-0cfb56c2f67c"
"1699424137","08 Nov 2023, 06:15","Phoebe Bridgers","96855c21-b832-4366-ba12-0d2330c36a86","Kyoto (Glitch Gum Remix)","0713222a-def3-47f8-9ff9-deb217d9d336","Kyoto (Glitch Gum Remix)","fcb97573-c1b0-4a4e-9665-4eda1c127307"
"1699423942","08 Nov 2023, 06:12","trapl archives","","imgonnagetmyrevenge","","imgonnagetmyrevenge",""
"1699423753","08 Nov 2023, 06:09","Charli XCX","260b6184-8828-48eb-945c-bc4cb6fc34ca","CRASH","0c41aa7d-de57-4d98-a3c0-4c740834b410","Constant Repeat","35402eb9-404c-404c-baad-545f9be32aeb"
"1699423431","08 Nov 2023, 06:03","Indigo Girls","00c49f40-d715-4b79-b223-432048602cce","Indigo Girls (Expanded Edition)","","Prince of Darkness","1038a7ac-9bee-332b-a2e8-55c9fc2379cc"
"1699423218","08 Nov 2023, 06:00","Indigo Girls","00c49f40-d715-4b79-b223-432048602cce","Indigo Girls (Expanded Edition)","","Secure Yourself","00b8d0bb-cd1f-4086-8738-6dc0d5f687fe"
"1699423060","08 Nov 2023, 05:57","Charli XCX","260b6184-8828-48eb-945c-bc4cb6fc34ca","Charli","6fdb3260-eac7-4ad9-8c72-92f45d9ca836","Next Level Charli","28c7cbec-2f0a-452a-930d-cff6c065e99b"
"1699422860","08 Nov 2023, 05:54","Charli XCX","260b6184-8828-48eb-945c-bc4cb6fc34ca","CRASH","0c41aa7d-de57-4d98-a3c0-4c740834b410","New Shapes (feat. Christine and the Queens and Caroline Polachek)",""
"1699422588","08 Nov 2023, 05:49","wished bone","f3c6d990-ba6f-40bd-8d9c-3ebd0b736c0d","cellar belly","d740ab92-d124-4662-9c00-60795fdcac6c","pollinate me","2e29b6ec-3f1e-4c62-9d1d-038980e6dd10"
"1699422328","08 Nov 2023, 05:45","Mim Jensen","","Emotional Affair","","Germaphobe",""
"1699422080","08 Nov 2023, 05:41","Michael Cera Palin","0acc305d-e58b-4e76-bc17-630345c14b38","I Don't Know How to Explain It","","If It Makes You Happy","7f83640a-0baf-4ca3-a814-c70f1c803b98"
"1699419306","08 Nov 2023, 04:55","Indigo Girls","00c49f40-d715-4b79-b223-432048602cce","Indigo Girls (Expanded Edition)","","Secure Yourself","00b8d0bb-cd1f-4086-8738-6dc0d5f687fe"
"1699419144","08 Nov 2023, 04:52","Charli XCX","260b6184-8828-48eb-945c-bc4cb6fc34ca","Charli","6fdb3260-eac7-4ad9-8c72-92f45d9ca836","Next Level Charli","28c7cbec-2f0a-452a-930d-cff6c065e99b"
"1699418946","08 Nov 2023, 04:49","Charli XCX","260b6184-8828-48eb-945c-bc4cb6fc34ca","CRASH","0c41aa7d-de57-4d98-a3c0-4c740834b410","New Shapes (feat. Christine and the Queens and Caroline Polachek)",""
"1699418586","08 Nov 2023, 04:43","wished bone","f3c6d990-ba6f-40bd-8d9c-3ebd0b736c0d","cellar belly","d740ab92-d124-4662-9c00-60795fdcac6c","pollinate me","2e29b6ec-3f1e-4c62-9d1d-038980e6dd10"
"1699418327","08 Nov 2023, 04:38","Mim Jensen","","Emotional Affair","","Germaphobe",""
"1699418069","08 Nov 2023, 04:34","Charli XCX","260b6184-8828-48eb-945c-bc4cb6fc34ca","CRASH","0c41aa7d-de57-4d98-a3c0-4c740834b410","Constant Repeat","35402eb9-404c-404c-baad-545f9be32aeb"
"1699417929","08 Nov 2023, 04:32","rew","","Rew","a06db7e4-089f-480b-a991-396958e810c7","yung and writhing","25fe13e0-d1f9-425e-8bbe-a5986308846c"
"1699417682","08 Nov 2023, 04:28","Michael Cera Palin","0acc305d-e58b-4e76-bc17-630345c14b38","I Don't Know How to Explain It","","If It Makes You Happy","7f83640a-0baf-4ca3-a814-c70f1c803b98"
"1699417463","08 Nov 2023, 04:24","Gentle","","Luck Presser","","Sincere Apologies",""
"1699417259","08 Nov 2023, 04:20","Wilt","34f7017a-4a62-43b9-a5e8-6f651ebb910f","moved along","634b7c53-b31b-4db9-ab5d-7e6a99160eba","moved along","1d83501a-1a4f-455b-8439-4bd110a902fa"
"1699416956","08 Nov 2023, 04:15","Katy Kirby","dab7e7de-ae6b-4f1c-a4a0-49293df7ce22","Cool Dry Place","22c298cc-52bc-4a79-a307-c971d1fe4f04","Cool Dry Place","4866002b-b951-40eb-a365-9f315847a2a2"
"1699416530","08 Nov 2023, 04:08","Katy Kirby","dab7e7de-ae6b-4f1c-a4a0-49293df7ce22","Cool Dry Place","22c298cc-52bc-4a79-a307-c971d1fe4f04","Cool Dry Place","4866002b-b951-40eb-a365-9f315847a2a2"
"1699416316","08 Nov 2023, 04:05","Mim Jensen","","Emotional Affair","","Germaphobe",""
"1699416188","08 Nov 2023, 04:03","The Simps","39a6f644-3cf4-4a98-915b-f8b424ae5dc8","Siblings","4f5d0224-bbd6-4bab-8311-5e0b968aa753","On Fye","bf61948c-ed56-41f0-bd8a-46f5ced4ab59"
"1699415911","08 Nov 2023, 03:58","Sword II","","Between II Gardens","793b9207-e674-4f53-8f19-aa337fea424e","Garden","3ca23248-5b79-4a0f-a407-a8a1bccc3969"
"1699415641","08 Nov 2023, 03:54","WHATEVER, DAD","2688a124-4cf0-4f9b-8fa4-71808622f3cc","Grade Pending","","O.K.","6e2a7d71-0f82-4cd7-9510-39e83fb88a92"
"1699415564","08 Nov 2023, 03:52","Bad Bad Hats","c324b495-422e-4ea7-9aa6-6878e1771436","Walkman","12ea31df-ece0-48ad-8f29-f324efc68c94","Detroit Basketball","0252d032-d1ff-490e-b5fe-6233e054e21d"
"1699415407","08 Nov 2023, 03:50","people i love","","Xo Ghost","","Butterfly",""
"1699415285","08 Nov 2023, 03:48","GingerBee","","Our Skies Smile","77013ef5-e717-4756-b8d5-a11b2f65b6ba","Our Sky's Smile","b5837c89-ecf6-43b0-919b-a8e9c736144e"
"1699415118","08 Nov 2023, 03:45","Crisman","e99f0f44-8768-4fa7-8cc0-9895bacf78d0","Crisman","43ea8fe7-7886-4d34-b879-389ae82bda18","Portrait","5d846e7b-f220-458d-afb8-a8eebd08d04d"
"1699414974","08 Nov 2023, 03:42","The Greeting Committee","","Dandelion","","Make Out","370449e9-0a00-437d-b4b0-386c3fbc4991"
"1699414828","08 Nov 2023, 03:40","Cold Foamers","","All Cold Everything","709e986e-2388-46df-9cbc-3310751186c0","Always","141f1a27-2599-431f-83cc-66dad9ab27d1"
"1699414706","08 Nov 2023, 03:38","Wyatt Smith","8276046f-5772-4b99-89b4-ae91c2e03308","Maple","","East Bay",""
"1699414541","08 Nov 2023, 03:35","together PANGEA","38acc2fa-ccb9-46e9-b1b6-7c133ce4d3ff","Sleeping Til Sunset (Acoustic Versions)","","Friend of Nothing - Acoustic",""
"1699414417","08 Nov 2023, 03:33","Fresh","66ee5f92-032b-46ac-a596-956db1f21eea","Withdraw","","Revenge",""
"1699414136","08 Nov 2023, 03:28","wished bone","f3c6d990-ba6f-40bd-8d9c-3ebd0b736c0d","cellar belly","d740ab92-d124-4662-9c00-60795fdcac6c","pollinate me","2e29b6ec-3f1e-4c62-9d1d-038980e6dd10"
"1699413820","08 Nov 2023, 03:23","wished bone","f3c6d990-ba6f-40bd-8d9c-3ebd0b736c0d","cellar belly","d740ab92-d124-4662-9c00-60795fdcac6c","pollinate me","2e29b6ec-3f1e-4c62-9d1d-038980e6dd10"
"1699413620","08 Nov 2023, 03:20","Sarah Crean","","02:00 AM","","02:00 AM",""
"1699413530","08 Nov 2023, 03:18","The Sidekicks","97422a55-1966-46b6-b864-622ef3553c78","Happiness Hours","120be5a0-bc3a-417e-a542-f684a173358f","Other People's Pets","e1c61081-482f-4a35-9d5f-bc656e2ddd05"
"1699413294","08 Nov 2023, 03:14","Moon Tide Gallery","ca450781-d2a9-4b7e-9fc3-7d8fc6e806ee","Tell Me How You Feel","","Sublunar Swing",""
"1699413110","08 Nov 2023, 03:11","Charli XCX","260b6184-8828-48eb-945c-bc4cb6fc34ca","CRASH","0c41aa7d-de57-4d98-a3c0-4c740834b410","Baby","717eb033-c0a8-4d87-8f0e-f0517c8a69e1"
"1699412969","08 Nov 2023, 03:09","Charli XCX","260b6184-8828-48eb-945c-bc4cb6fc34ca","Speed Drive (From Barbie the Album)","","Speed Drive (From Barbie the Album)",""
"1699412786","08 Nov 2023, 03:06","Charli XCX","260b6184-8828-48eb-945c-bc4cb6fc34ca","Charli","6fdb3260-eac7-4ad9-8c72-92f45d9ca836","Gone",""
"1699412549","08 Nov 2023, 03:02","Charli XCX","260b6184-8828-48eb-945c-bc4cb6fc34ca","1999","","1999","0379ed24-fd11-4dd2-b884-c21a14f22238"
"1699412170","08 Nov 2023, 02:56","No Rome","f2a6793f-da52-4fe9-81be-2e71ea04f7ee","Spinning (with Charli XCX & The 1975)","","Spinning (with Charli XCX & The 1975)",""
"1699411974","08 Nov 2023, 02:52","No Rome","f2a6793f-da52-4fe9-81be-2e71ea04f7ee","Spinning (with Charli XCX & The 1975)","","Spinning (with Charli XCX & The 1975)",""
"1699411837","08 Nov 2023, 02:50","Charli XCX","260b6184-8828-48eb-945c-bc4cb6fc34ca","CRASH","0c41aa7d-de57-4d98-a3c0-4c740834b410","Good Ones","d11ea377-8b4b-4631-9161-c6e4d485e234"
"1699411542","08 Nov 2023, 02:45","Charli XCX","260b6184-8828-48eb-945c-bc4cb6fc34ca","how i'm feeling now","0690e824-9bbd-4b09-bf5d-673394ca5afe","party 4 u","2ef24e1d-ddb2-4428-b4df-d8f45f3f11b6"
"1699411324","08 Nov 2023, 02:42","Charli XCX","260b6184-8828-48eb-945c-bc4cb6fc34ca","CRASH","0c41aa7d-de57-4d98-a3c0-4c740834b410","New Shapes (feat. Christine and the Queens and Caroline Polachek)",""
"1699411142","08 Nov 2023, 02:39","Charli XCX","260b6184-8828-48eb-945c-bc4cb6fc34ca","CRASH","0c41aa7d-de57-4d98-a3c0-4c740834b410","New Shapes (feat. Christine and the Queens and Caroline Polachek)",""
"1699410975","08 Nov 2023, 02:36","Charli XCX","260b6184-8828-48eb-945c-bc4cb6fc34ca","Good Ones (Joel Corry Remix)","","Good Ones - Joel Corry Remix","293996b0-79c5-4039-a4f8-c87d921b802e"
"1699410824","08 Nov 2023, 02:33","Charli XCX","","Charli","6fdb3260-eac7-4ad9-8c72-92f45d9ca836","February 2017 (feat. Clairo and Yaeji)",""
"1699410630","08 Nov 2023, 02:30","Charli XCX","260b6184-8828-48eb-945c-bc4cb6fc34ca","Pop 2","5414958b-12e2-4a6e-b335-26002cd8bdee","Unlock it (Lock It) - feat. Kim Petras and Jay Park","340f64d7-bab1-4f6d-8b55-f4d4694eac8b"
"1699410482","08 Nov 2023, 02:28","Elio","dcdde3aa-1d73-4c02-9e89-c5e8d3929eac","ELIO and Friends : The Remixes","","CHARGER (ft. Charli XCX)",""
"1699410351","08 Nov 2023, 02:25","Tiësto","","DRIVE","","Hot in It (feat. Charli XCX)",""
"1699410195","08 Nov 2023, 02:23","Charli XCX","260b6184-8828-48eb-945c-bc4cb6fc34ca","Charli","6fdb3260-eac7-4ad9-8c72-92f45d9ca836","Next Level Charli","28c7cbec-2f0a-452a-930d-cff6c065e99b"
"1699410024","08 Nov 2023, 02:20","Charli XCX","260b6184-8828-48eb-945c-bc4cb6fc34ca","Charli","6fdb3260-eac7-4ad9-8c72-92f45d9ca836","Next Level Charli","28c7cbec-2f0a-452a-930d-cff6c065e99b"
"1699409862","08 Nov 2023, 02:17","Charli XCX","260b6184-8828-48eb-945c-bc4cb6fc34ca","CRASH (Deluxe)","","Sorry if I Hurt You",""
"1699409285","08 Nov 2023, 02:08","Mura Masa","d2a76e1b-cecc-4500-b445-d55591821cd3","Mura Masa","3096593e-ccf5-404b-a9ac-30c38b259967","1 Night (feat. Charli XCX)",""
"1699409126","08 Nov 2023, 02:05","Charli XCX","260b6184-8828-48eb-945c-bc4cb6fc34ca","CRASH (Deluxe)","","How Can I Not Know What I Need Right Now",""
"1699408877","08 Nov 2023, 02:01","Charli XCX","260b6184-8828-48eb-945c-bc4cb6fc34ca","Pop 2","5414958b-12e2-4a6e-b335-26002cd8bdee","Tears (feat. Caroline Polachek)",""
"1699408615","08 Nov 2023, 01:56","Charli XCX","260b6184-8828-48eb-945c-bc4cb6fc34ca","Pop 2","5414958b-12e2-4a6e-b335-26002cd8bdee","Backseat (feat. Carly Rae Jepsen)",""
"1699408406","08 Nov 2023, 01:53","Charli XCX","260b6184-8828-48eb-945c-bc4cb6fc34ca","Charli","6fdb3260-eac7-4ad9-8c72-92f45d9ca836","Cross You Out (feat. Sky Ferreira)",""
"1699408223","08 Nov 2023, 01:50","Charli XCX","260b6184-8828-48eb-945c-bc4cb6fc34ca","Charli","6fdb3260-eac7-4ad9-8c72-92f45d9ca836","Official","335b497c-6abf-4c35-9bb6-cb53885f20ef"
"1699397444","07 Nov 2023, 22:50","Palmistry","","Tinkerbell","8086eba4-a35d-48de-b7ad-34ffd8794a5c","Brexia",""
"1699394512","07 Nov 2023, 22:01","Chappell Roan","56a55378-f155-48de-80a5-d80104221267","HOT TO GO!","","HOT TO GO!","e619cd9d-ee35-4e37-8ee1-51b992ab95d7"
"1699394365","07 Nov 2023, 21:59","Free Cake For Every Creature","16f0ea6f-908f-4dcf-b0e0-473ce60b584e","Talking Quietly Of Anything With You","0d5e20f3-c176-466b-a58b-ffd3cafebdbe","For You","a284e196-7a1c-48e7-9ceb-9b0c4968245a"
"1699394236","07 Nov 2023, 21:57","Moontype","b9e16954-0de4-46a8-a3fc-a33603a37df7","Bodies of Water","1f73a6a3-99fc-4d73-b529-c9f7afdcd81c","About You","4f037613-6804-4e0e-a141-28fe2808f25c"
"1699394002","07 Nov 2023, 21:53","The Mountain Goats","9639cd52-c351-4a17-9797-58880e95a7ef","The Sunset Tree","2d66c5e3-c1f0-440c-96b7-fd4578ecb8c7","This Year","39d4573a-b566-3d20-9568-0cfb56c2f67c"
"1699393842","07 Nov 2023, 21:50","Phoebe Bridgers","96855c21-b832-4366-ba12-0d2330c36a86","Kyoto (Glitch Gum Remix)","0713222a-def3-47f8-9ff9-deb217d9d336","Kyoto (Glitch Gum Remix)","fcb97573-c1b0-4a4e-9665-4eda1c127307"
"1699391738","07 Nov 2023, 21:15","trapl archives","","imgonnagetmyrevenge","","imgonnagetmyrevenge",""
"1699390470","07 Nov 2023, 20:54","Charli XCX","260b6184-8828-48eb-945c-bc4cb6fc34ca","CRASH","0c41aa7d-de57-4d98-a3c0-4c740834b410","Constant Repeat","35402eb9-404c-404c-baad-545f9be32aeb"
"1699389955","07 Nov 2023, 20:45","Indigo Girls","00c49f40-d715-4b79-b223-432048602cce","Indigo Girls (Expanded Edition)","","Prince of Darkness","1038a7ac-9bee-332b-a2e8-55c9fc2379cc"
"1699389742","07 Nov 2023, 20:42","Indigo Girls","00c49f40-d715-4b79-b223-432048602cce","Indigo Girls (Expanded Edition)","","Secure Yourself","00b8d0bb-cd1f-4086-8738-6dc0d5f687fe"
"1699389522","07 Nov 2023, 20:38","The World Is a Beautiful Place & I Am No Longer Afraid to Die","f650539c-890f-4f05-b2c8-258ec098e338","Illusory Walls","35e4d950-817c-48a7-acc7-4737f742e165","Queen Sophie for President","dac21c19-649d-4675-9c25-f38e1c0795b8"
"1699389457","07 Nov 2023, 20:37","LVL UP","f63e017a-bd02-4a4f-b64d-5316a99f8535","Space Brothers","236031db-9ceb-4d74-9612-f35b27c241dc","*_*","2e51e76f-e2eb-398c-992b-97d536b7f1fd"
"1699389335","07 Nov 2023, 20:35","Wet Leg","90744b3e-363a-458e-8da1-e3e392a489c4","Wet Leg","949c1b3a-db54-4302-90b3-ec8d0f70a45b","Being in Love","59008d81-df03-40d2-a81c-d11a4459a3a2"
"1699389135","07 Nov 2023, 20:32","Death Cab for Cutie","0039c7ae-e1a7-4a7d-9b49-0cbc716821a6","We Have the Facts and We're Voting Yes","6ad8e46b-7259-4038-ae3a-74bf1c02c78c","Company Calls","0149d612-e95a-3540-8d2c-07346202346b"
"1699388983","07 Nov 2023, 20:29","Jonatan Leandoer96","","Nectar","1e39b9a8-68f0-4228-a4be-153fa9d8b89e","Off With Their Heads",""
"1699388902","07 Nov 2023, 20:28","Pinegrove","871fe26f-544d-4275-a5dd-af5442d15b92","Everything So Far","5f26f199-53d4-481f-9285-c5a447486938","Problems","05bf1a3d-5a8b-467a-8295-12b1d28ceedd"
"1699388706","07 Nov 2023, 20:25","Field Medic","4a42d940-ad63-4b06-a871-f6e37eab4c6f","Fade Into the Dawn","462e1a49-1ed6-47fb-b6ab-e30a3d914ae9","Everyday'z 2moro","2b8ba9bc-d016-4142-b2d7-729a119d5c15"
"1699388476","07 Nov 2023, 20:21","Peach Pit","1888892a-06b7-4bbd-b0a1-3ffde01e4094","From 2 to 3","790b0838-2d47-4b9e-b2b7-07f8519eb00c","Up Granville","00b07045-0903-494d-8f6f-ffd6fafbeb81"
"1699388314","07 Nov 2023, 20:18","Petey","","Other Stuff","","Haircut",""
"1699388105","07 Nov 2023, 20:15","American Football","4ebb5ad3-9018-407d-8c24-c03011ab9ac6","American Football (LP2)","","Desire Gets in the Way","1efae236-3460-4970-baad-3c71e2cd0fe7"
"1699388005","07 Nov 2023, 20:13","Palmistry","","Tinkerbell","8086eba4-a35d-48de-b7ad-34ffd8794a5c","Brexia",""
"1699387820","07 Nov 2023, 20:10","Chappell Roan","56a55378-f155-48de-80a5-d80104221267","HOT TO GO!","","HOT TO GO!","e619cd9d-ee35-4e37-8ee1-51b992ab95d7"
"1699387674","07 Nov 2023, 20:07","Free Cake For Every Creature","16f0ea6f-908f-4dcf-b0e0-473ce60b584e","Talking Quietly Of Anything With You","0d5e20f3-c176-466b-a58b-ffd3cafebdbe","For You","a284e196-7a1c-48e7-9ceb-9b0c4968245a"
"1699387543","07 Nov 2023, 20:05","Moontype","b9e16954-0de4-46a8-a3fc-a33603a37df7","Bodies of Water","1f73a6a3-99fc-4d73-b529-c9f7afdcd81c","About You","4f037613-6804-4e0e-a141-28fe2808f25c"
"1699387311","07 Nov 2023, 20:01","The Mountain Goats","9639cd52-c351-4a17-9797-58880e95a7ef","The Sunset Tree","2d66c5e3-c1f0-440c-96b7-fd4578ecb8c7","This Year","39d4573a-b566-3d20-9568-0cfb56c2f67c"
"1699387129","07 Nov 2023, 19:58","Indigo Girls","00c49f40-d715-4b79-b223-432048602cce","Indigo Girls (Expanded Edition)","","Secure Yourself","00b8d0bb-cd1f-4086-8738-6dc0d5f687fe"
"1699386692","07 Nov 2023, 19:51","Indigo Girls","00c49f40-d715-4b79-b223-432048602cce","Indigo Girls (Expanded Edition)","","Secure Yourself","00b8d0bb-cd1f-4086-8738-6dc0d5f687fe"
"1699386452","07 Nov 2023, 19:47","Indigo Girls","00c49f40-d715-4b79-b223-432048602cce","Indigo Girls (Expanded Edition)","","Closer to Fine","2628e7da-6171-4fae-b23a-e53e649f53a2"
"1699386045","07 Nov 2023, 19:40","Indigo Girls","00c49f40-d715-4b79-b223-432048602cce","Indigo Girls (Expanded Edition)","","Prince of Darkness","1038a7ac-9bee-332b-a2e8-55c9fc2379cc"
"1699385489","07 Nov 2023, 19:31","Indigo Girls","00c49f40-d715-4b79-b223-432048602cce","Indigo Girls (Expanded Edition)","","Prince of Darkness","1038a7ac-9bee-332b-a2e8-55c9fc2379cc"
"1699385167","07 Nov 2023, 19:26","Indigo Girls","00c49f40-d715-4b79-b223-432048602cce","Indigo Girls (Expanded Edition)","","Prince of Darkness","1038a7ac-9bee-332b-a2e8-55c9fc2379cc"
"1699384845","07 Nov 2023, 19:20","Indigo Girls","00c49f40-d715-4b79-b223-432048602cce","Indigo Girls (Expanded Edition)","","Prince of Darkness","1038a7ac-9bee-332b-a2e8-55c9fc2379cc"
"1699376534","07 Nov 2023, 17:02","Indigo Girls","00c49f40-d715-4b79-b223-432048602cce","Indigo Girls (Expanded Edition)","","Prince of Darkness","1038a7ac-9bee-332b-a2e8-55c9fc2379cc"
"1699370528","07 Nov 2023, 15:22","Katy Kirby","dab7e7de-ae6b-4f1c-a4a0-49293df7ce22","Cool Dry Place","22c298cc-52bc-4a79-a307-c971d1fe4f04","Cool Dry Place","4866002b-b951-40eb-a365-9f315847a2a2"
"1699328133","07 Nov 2023, 03:35","公衆道徳","","公衆道徳","","White Room",""
"1699306641","06 Nov 2023, 21:37","Mexican Slum Rats","","Slumrat","","Away",""
"1699303485","06 Nov 2023, 20:44","fail better, heal faster","","fail better, heal faster","80bacc11-7bcf-4789-8714-6beb71dfed17","Cyber Corrupt","78cfc290-5d11-4aa5-95f4-6b532351f4e5"
"1699302091","06 Nov 2023, 20:21","Sarah Crean","","02:00 AM","","02:00 AM",""
"1699301310","06 Nov 2023, 20:08","Mim Jensen","","Emotional Affair","","Germaphobe",""
"1699301047","06 Nov 2023, 20:04","Gentle","","Luck Presser","","Sincere Apologies",""
"1699295220","06 Nov 2023, 18:27","people i love","","Xo Ghost","","Butterfly",""
"1699295129","06 Nov 2023, 18:25","The Sidekicks","97422a55-1966-46b6-b864-622ef3553c78","Happiness Hours","120be5a0-bc3a-417e-a542-f684a173358f","Other People's Pets","e1c61081-482f-4a35-9d5f-bc656e2ddd05"
"1699293476","06 Nov 2023, 17:57","Casiotone for the Painfully Alone","73d882c7-1146-4012-a61b-a3b2c11fce2f","Etiquette","4077694f-333b-4a2e-83cd-c265d4e0c196","Bobby Malone Moves Home","1662abe0-d50d-475b-99ef-4ea343c14cac"
"1699293329","06 Nov 2023, 17:55","Bad Bad Hats","c324b495-422e-4ea7-9aa6-6878e1771436","Walkman","12ea31df-ece0-48ad-8f29-f324efc68c94","Detroit Basketball","0252d032-d1ff-490e-b5fe-6233e054e21d"
"1699293127","06 Nov 2023, 17:52","Wilt","34f7017a-4a62-43b9-a5e8-6f651ebb910f","moved along","634b7c53-b31b-4db9-ab5d-7e6a99160eba","moved along","1d83501a-1a4f-455b-8439-4bd110a902fa"
"1699292921","06 Nov 2023, 17:48","GingerBee","","Our Skies Smile","77013ef5-e717-4756-b8d5-a11b2f65b6ba","Our Sky's Smile","b5837c89-ecf6-43b0-919b-a8e9c736144e"
"1699292712","06 Nov 2023, 17:45","Underscores","","Wallsocket","9d56a188-72d7-4e66-9619-d10043a1d6e4","You don't even know who I am","787ed8ac-72d1-49bf-ac5b-96ef1428280d"
"1699292407","06 Nov 2023, 17:40","Peach Pit","1888892a-06b7-4bbd-b0a1-3ffde01e4094","From 2 to 3","790b0838-2d47-4b9e-b2b7-07f8519eb00c","Up Granville","00b07045-0903-494d-8f6f-ffd6fafbeb81"
"1699291618","06 Nov 2023, 17:26","Defiance, Ohio","a78ef19a-5fba-46fd-b50e-ff95a45693aa","The Great Depression","daa85883-dec0-4c5d-b629-d1e7f9e8c4bf","Calling Old Friends","a6a5c8a1-4f4e-3fe5-abb1-be165d02c519"
"1699291115","06 Nov 2023, 17:18","American Football","4ebb5ad3-9018-407d-8c24-c03011ab9ac6","American Football (LP2)","","Desire Gets in the Way","1efae236-3460-4970-baad-3c71e2cd0fe7"
"1699291026","06 Nov 2023, 17:17","Peach Pit","1888892a-06b7-4bbd-b0a1-3ffde01e4094","From 2 to 3","790b0838-2d47-4b9e-b2b7-07f8519eb00c","Up Granville","00b07045-0903-494d-8f6f-ffd6fafbeb81"
"1699289790","06 Nov 2023, 16:56","Defiance, Ohio","a78ef19a-5fba-46fd-b50e-ff95a45693aa","The Great Depression","daa85883-dec0-4c5d-b629-d1e7f9e8c4bf","Calling Old Friends","a6a5c8a1-4f4e-3fe5-abb1-be165d02c519"
"1699289636","06 Nov 2023, 16:53","Petey","","Other Stuff","","Haircut",""
"1699289428","06 Nov 2023, 16:50","American Football","4ebb5ad3-9018-407d-8c24-c03011ab9ac6","American Football (LP2)","","Desire Gets in the Way","1efae236-3460-4970-baad-3c71e2cd0fe7"
"1699286931","06 Nov 2023, 16:08","Chappell Roan","56a55378-f155-48de-80a5-d80104221267","HOT TO GO!","","HOT TO GO!","e619cd9d-ee35-4e37-8ee1-51b992ab95d7"
"1699286783","06 Nov 2023, 16:06","Free Cake For Every Creature","16f0ea6f-908f-4dcf-b0e0-473ce60b584e","Talking Quietly Of Anything With You","0d5e20f3-c176-466b-a58b-ffd3cafebdbe","For You","a284e196-7a1c-48e7-9ceb-9b0c4968245a"
"1699286654","06 Nov 2023, 16:04","Moontype","b9e16954-0de4-46a8-a3fc-a33603a37df7","Bodies of Water","1f73a6a3-99fc-4d73-b529-c9f7afdcd81c","About You","4f037613-6804-4e0e-a141-28fe2808f25c"
"1699282647","06 Nov 2023, 14:57","The Mountain Goats","9639cd52-c351-4a17-9797-58880e95a7ef","The Sunset Tree","2d66c5e3-c1f0-440c-96b7-fd4578ecb8c7","This Year","39d4573a-b566-3d20-9568-0cfb56c2f67c"
"1699278835","06 Nov 2023, 13:53","Peach Pit","1888892a-06b7-4bbd-b0a1-3ffde01e4094","From 2 to 3","790b0838-2d47-4b9e-b2b7-07f8519eb00c","Up Granville","00b07045-0903-494d-8f6f-ffd6fafbeb81"
"1699278705","06 Nov 2023, 13:51","Defiance, Ohio","a78ef19a-5fba-46fd-b50e-ff95a45693aa","The Great Depression","daa85883-dec0-4c5d-b629-d1e7f9e8c4bf","Calling Old Friends","a6a5c8a1-4f4e-3fe5-abb1-be165d02c519"
"1699278552","06 Nov 2023, 13:49","Petey","","Other Stuff","","Haircut",""
"1699278319","06 Nov 2023, 13:45","American Football","4ebb5ad3-9018-407d-8c24-c03011ab9ac6","American Football (LP2)","","Desire Gets in the Way","1efae236-3460-4970-baad-3c71e2cd0fe7"
"1699278254","06 Nov 2023, 13:44","Palmistry","","Tinkerbell","8086eba4-a35d-48de-b7ad-34ffd8794a5c","Brexia",""
"1699278100","06 Nov 2023, 13:41","Free Cake For Every Creature","16f0ea6f-908f-4dcf-b0e0-473ce60b584e","Talking Quietly Of Anything With You","0d5e20f3-c176-466b-a58b-ffd3cafebdbe","For You","a284e196-7a1c-48e7-9ceb-9b0c4968245a"
"1699277970","06 Nov 2023, 13:39","Moontype","b9e16954-0de4-46a8-a3fc-a33603a37df7","Bodies of Water","1f73a6a3-99fc-4d73-b529-c9f7afdcd81c","About You","4f037613-6804-4e0e-a141-28fe2808f25c"
"1699277738","06 Nov 2023, 13:35","The Mountain Goats","9639cd52-c351-4a17-9797-58880e95a7ef","The Sunset Tree","2d66c5e3-c1f0-440c-96b7-fd4578ecb8c7","This Year","39d4573a-b566-3d20-9568-0cfb56c2f67c"
"1699277608","06 Nov 2023, 13:33","Phoebe Bridgers","96855c21-b832-4366-ba12-0d2330c36a86","Kyoto (Glitch Gum Remix)","0713222a-def3-47f8-9ff9-deb217d9d336","Kyoto (Glitch Gum Remix)","fcb97573-c1b0-4a4e-9665-4eda1c127307"
"1699277411","06 Nov 2023, 13:30","trapl archives","","imgonnagetmyrevenge","","imgonnagetmyrevenge",""
"1699277051","06 Nov 2023, 13:24","Charli XCX","260b6184-8828-48eb-945c-bc4cb6fc34ca","CRASH","0c41aa7d-de57-4d98-a3c0-4c740834b410","Constant Repeat","35402eb9-404c-404c-baad-545f9be32aeb"
"1699245550","06 Nov 2023, 04:39","Moontype","b9e16954-0de4-46a8-a3fc-a33603a37df7","Bodies of Water","1f73a6a3-99fc-4d73-b529-c9f7afdcd81c","About You","4f037613-6804-4e0e-a141-28fe2808f25c"
"1699245317","06 Nov 2023, 04:35","The Mountain Goats","9639cd52-c351-4a17-9797-58880e95a7ef","The Sunset Tree","2d66c5e3-c1f0-440c-96b7-fd4578ecb8c7","This Year","39d4573a-b566-3d20-9568-0cfb56c2f67c"
"1699237132","06 Nov 2023, 02:18","The Mountain Goats","9639cd52-c351-4a17-9797-58880e95a7ef","The Sunset Tree","2d66c5e3-c1f0-440c-96b7-fd4578ecb8c7","This Year","39d4573a-b566-3d20-9568-0cfb56c2f67c"
"1699236972","06 Nov 2023, 02:16","Phoebe Bridgers","96855c21-b832-4366-ba12-0d2330c36a86","Kyoto (Glitch Gum Remix)","0713222a-def3-47f8-9ff9-deb217d9d336","Kyoto (Glitch Gum Remix)","fcb97573-c1b0-4a4e-9665-4eda1c127307"
"1699236778","06 Nov 2023, 02:12","trapl archives","","imgonnagetmyrevenge","","imgonnagetmyrevenge",""
"1699236571","06 Nov 2023, 02:09","Charli XCX","260b6184-8828-48eb-945c-bc4cb6fc34ca","CRASH","0c41aa7d-de57-4d98-a3c0-4c740834b410","Constant Repeat","35402eb9-404c-404c-baad-545f9be32aeb"
"1699219627","05 Nov 2023, 21:27","Charli XCX","260b6184-8828-48eb-945c-bc4cb6fc34ca","CRASH","0c41aa7d-de57-4d98-a3c0-4c740834b410","Constant Repeat","35402eb9-404c-404c-baad-545f9be32aeb"
"1699217577","05 Nov 2023, 20:52","trapl archives","","imgonnagetmyrevenge","","imgonnagetmyrevenge",""
"1699217495","05 Nov 2023, 20:51","Quinn","","bad idea","","bad idea",""
"1699217425","05 Nov 2023, 20:50","Quinn","","bad idea","","bad idea",""
"1699217357","05 Nov 2023, 20:49","Quinn","","bad idea","","bad idea",""
"1699217255","05 Nov 2023, 20:47","Moontype","b9e16954-0de4-46a8-a3fc-a33603a37df7","Bodies of Water","1f73a6a3-99fc-4d73-b529-c9f7afdcd81c","About You","4f037613-6804-4e0e-a141-28fe2808f25c"
"1699217021","05 Nov 2023, 20:43","The Mountain Goats","9639cd52-c351-4a17-9797-58880e95a7ef","The Sunset Tree","2d66c5e3-c1f0-440c-96b7-fd4578ecb8c7","This Year","39d4573a-b566-3d20-9568-0cfb56c2f67c"
"1699216860","05 Nov 2023, 20:41","Phoebe Bridgers","96855c21-b832-4366-ba12-0d2330c36a86","Kyoto (Glitch Gum Remix)","0713222a-def3-47f8-9ff9-deb217d9d336","Kyoto (Glitch Gum Remix)","fcb97573-c1b0-4a4e-9665-4eda1c127307"
"1699216666","05 Nov 2023, 20:37","trapl archives","","imgonnagetmyrevenge","","imgonnagetmyrevenge",""
"1699208721","05 Nov 2023, 18:25","Quinn","","bad idea","","bad idea",""
"1699156079","05 Nov 2023, 03:47","Momma","a17342a6-e661-4874-9687-957caf010377","Bang Bang","5b9d610b-aa1a-44fa-9f3d-e516ee2d5028","Bang Bang","bb5628a1-4d59-4ce3-acb9-7413302e965a"
"1699155905","05 Nov 2023, 03:45","Momma","a17342a6-e661-4874-9687-957caf010377","Bang Bang","5b9d610b-aa1a-44fa-9f3d-e516ee2d5028","Bang Bang","bb5628a1-4d59-4ce3-acb9-7413302e965a"
"1699155731","05 Nov 2023, 03:42","Momma","a17342a6-e661-4874-9687-957caf010377","Bang Bang","5b9d610b-aa1a-44fa-9f3d-e516ee2d5028","Bang Bang","bb5628a1-4d59-4ce3-acb9-7413302e965a"
"1699155559","05 Nov 2023, 03:39","Momma","a17342a6-e661-4874-9687-957caf010377","Bang Bang","5b9d610b-aa1a-44fa-9f3d-e516ee2d5028","Bang Bang","bb5628a1-4d59-4ce3-acb9-7413302e965a"
"1699155387","05 Nov 2023, 03:36","Momma","a17342a6-e661-4874-9687-957caf010377","Bang Bang","5b9d610b-aa1a-44fa-9f3d-e516ee2d5028","Bang Bang","bb5628a1-4d59-4ce3-acb9-7413302e965a"
"1699125817","04 Nov 2023, 19:23","Phoebe Bridgers","96855c21-b832-4366-ba12-0d2330c36a86","Kyoto (Glitch Gum Remix)","0713222a-def3-47f8-9ff9-deb217d9d336","Kyoto (Glitch Gum Remix)","fcb97573-c1b0-4a4e-9665-4eda1c127307"
"1699125817","04 Nov 2023, 19:23","trapl archives","","imgonnagetmyrevenge","","imgonnagetmyrevenge",""
"1699125633","04 Nov 2023, 19:20","trapl archives","","imgonnagetmyrevenge","","imgonnagetmyrevenge",""
"1699106867","04 Nov 2023, 14:07","trapl archives","","imgonnagetmyrevenge","","imgonnagetmyrevenge",""
"1699106559","04 Nov 2023, 14:02","Palmistry","","Tinkerbell","8086eba4-a35d-48de-b7ad-34ffd8794a5c","Brexia",""
"1699106373","04 Nov 2023, 13:59","Chappell Roan","56a55378-f155-48de-80a5-d80104221267","HOT TO GO!","","HOT TO GO!","e619cd9d-ee35-4e37-8ee1-51b992ab95d7"
"1699106227","04 Nov 2023, 13:57","Free Cake For Every Creature","16f0ea6f-908f-4dcf-b0e0-473ce60b584e","Talking Quietly Of Anything With You","0d5e20f3-c176-466b-a58b-ffd3cafebdbe","For You","a284e196-7a1c-48e7-9ceb-9b0c4968245a"
"1699106097","04 Nov 2023, 13:54","Moontype","b9e16954-0de4-46a8-a3fc-a33603a37df7","Bodies of Water","1f73a6a3-99fc-4d73-b529-c9f7afdcd81c","About You","4f037613-6804-4e0e-a141-28fe2808f25c"
"1699105653","04 Nov 2023, 13:47","Phoebe Bridgers","96855c21-b832-4366-ba12-0d2330c36a86","Kyoto (Glitch Gum Remix)","0713222a-def3-47f8-9ff9-deb217d9d336","Kyoto (Glitch Gum Remix)","fcb97573-c1b0-4a4e-9665-4eda1c127307"
"1699105458","04 Nov 2023, 13:44","trapl archives","","imgonnagetmyrevenge","","imgonnagetmyrevenge",""
"1699105213","04 Nov 2023, 13:40","Charli XCX","","Charli","6fdb3260-eac7-4ad9-8c72-92f45d9ca836","February 2017 (feat. Clairo and Yaeji)",""
"1699105040","04 Nov 2023, 13:37","David Guetta","302bd7b9-d012-4360-897a-93b00c855680","Dirty Sexy Money (feat. Charli XCX & French Montana)","","Dirty Sexy Money (feat. Charli XCX & French Montana)",""
"1699104852","04 Nov 2023, 13:34","BTS","","Dream Glow (BTS World Original Soundtrack) (Pt. 1)","","Dream Glow (BTS World Original Soundtrack) (Pt. 1)",""
"1699104690","04 Nov 2023, 13:31","Charli XCX","260b6184-8828-48eb-945c-bc4cb6fc34ca","CRASH (Deluxe)","","Sorry if I Hurt You",""
"1699103957","04 Nov 2023, 13:19","Charli XCX","260b6184-8828-48eb-945c-bc4cb6fc34ca","Charli","6fdb3260-eac7-4ad9-8c72-92f45d9ca836","Next Level Charli","28c7cbec-2f0a-452a-930d-cff6c065e99b"
"1699045869","03 Nov 2023, 21:11","Jonatan Leandoer96","","Nectar","1e39b9a8-68f0-4228-a4be-153fa9d8b89e","Off With Their Heads",""
"1699045788","03 Nov 2023, 21:09","Pinegrove","871fe26f-544d-4275-a5dd-af5442d15b92","Everything So Far","5f26f199-53d4-481f-9285-c5a447486938","Problems","05bf1a3d-5a8b-467a-8295-12b1d28ceedd"
"1699045592","03 Nov 2023, 21:06","Field Medic","4a42d940-ad63-4b06-a871-f6e37eab4c6f","Fade Into the Dawn","462e1a49-1ed6-47fb-b6ab-e30a3d914ae9","Everyday'z 2moro","2b8ba9bc-d016-4142-b2d7-729a119d5c15"
"1699045360","03 Nov 2023, 21:02","Peach Pit","1888892a-06b7-4bbd-b0a1-3ffde01e4094","From 2 to 3","790b0838-2d47-4b9e-b2b7-07f8519eb00c","Up Granville","00b07045-0903-494d-8f6f-ffd6fafbeb81"
"1699045230","03 Nov 2023, 21:00","Defiance, Ohio","a78ef19a-5fba-46fd-b50e-ff95a45693aa","The Great Depression","daa85883-dec0-4c5d-b629-d1e7f9e8c4bf","Calling Old Friends","a6a5c8a1-4f4e-3fe5-abb1-be165d02c519"
"1699044479","03 Nov 2023, 20:47","American Football","4ebb5ad3-9018-407d-8c24-c03011ab9ac6","American Football (LP2)","","Desire Gets in the Way","1efae236-3460-4970-baad-3c71e2cd0fe7"
"1699044378","03 Nov 2023, 20:46","Palmistry","","Tinkerbell","8086eba4-a35d-48de-b7ad-34ffd8794a5c","Brexia",""
"1699044296","03 Nov 2023, 20:44","Evian Christ","","Yxguden","","Yxguden",""
"1699044193","03 Nov 2023, 20:43","Chappell Roan","56a55378-f155-48de-80a5-d80104221267","HOT TO GO!","","HOT TO GO!","e619cd9d-ee35-4e37-8ee1-51b992ab95d7"
"1699044046","03 Nov 2023, 20:40","Free Cake For Every Creature","16f0ea6f-908f-4dcf-b0e0-473ce60b584e","Talking Quietly Of Anything With You","0d5e20f3-c176-466b-a58b-ffd3cafebdbe","For You","a284e196-7a1c-48e7-9ceb-9b0c4968245a"
"1699043175","03 Nov 2023, 20:26","Bladee","cd689e77-dfdd-4f81-b50c-5e5a3f5e38a4","Icedancer","d98d0f2e-8fc2-421d-951d-7bd0d1565f74","Topman","f5f8e974-28e9-49b7-83ee-8bdaf6cc6533"
"1699042989","03 Nov 2023, 20:23","Bladee","cd689e77-dfdd-4f81-b50c-5e5a3f5e38a4","EVERSINCE","96e5ccf7-2ba9-4f94-944d-79ca0139c758","Skin","21ad5290-7296-4868-9692-4e825560a96a"
"1699042844","03 Nov 2023, 20:20","Bladee","cd689e77-dfdd-4f81-b50c-5e5a3f5e38a4","Good Luck","","God",""
"1699042682","03 Nov 2023, 20:18","Bladee","","Good Luck (Deluxe)","","God - Evian Christ Remix",""
"1699042399","03 Nov 2023, 20:13","Bladee","cd689e77-dfdd-4f81-b50c-5e5a3f5e38a4","Good Luck (Deluxe)","","Gates",""
"1699042170","03 Nov 2023, 20:09","Bladee","cd689e77-dfdd-4f81-b50c-5e5a3f5e38a4","Drain Story","6e238049-b162-4a88-a17f-74bbf5d08344","DRAIN STORY","60f94d4a-9b1a-42a1-abc7-b50631db2825"
"1699042003","03 Nov 2023, 20:06","Bladee","","Good Luck (Deluxe)","","Sun - Toxe Remix",""
"1699041884","03 Nov 2023, 20:04","Bladee","cd689e77-dfdd-4f81-b50c-5e5a3f5e38a4","Good Luck (Deluxe)","","Drama",""
"1699041772","03 Nov 2023, 20:02","A. G. Cook","b12ef43e-72ad-43d0-b216-a8cd32f78852","Xcxoplex (with Charli XCX)","","Xcxoplex (with Charli XCX)",""
"1699041589","03 Nov 2023, 19:59","Charli XCX","260b6184-8828-48eb-945c-bc4cb6fc34ca","SUCKER","4779467d-f891-4621-8727-23be51a20593","Caught in the Middle","24739aee-b16a-470b-b9e6-709301371dbb"
"1699041430","03 Nov 2023, 19:57","Charli XCX","260b6184-8828-48eb-945c-bc4cb6fc34ca","Vroom Vroom EP","8ad3cd62-df34-4fd8-8cc9-2ab8e1713b25","Trophy","5c31c04d-92ac-4c56-9505-dfe27d965f8e"
"1699041249","03 Nov 2023, 19:54","Charli XCX","260b6184-8828-48eb-945c-bc4cb6fc34ca","Vroom Vroom EP","8ad3cd62-df34-4fd8-8cc9-2ab8e1713b25","Paradise (feat. Hannah Diamond)",""
"1699041064","03 Nov 2023, 19:51","Charli XCX","260b6184-8828-48eb-945c-bc4cb6fc34ca","True Romance","17d87094-f46b-48e9-81d8-13a2a29979d2","Grins","2175092a-9c52-43cb-9090-fa4b83b43448"
"1699040786","03 Nov 2023, 19:46","Charli XCX","","Need Ur Luv (Japanese Wallpaper Remix)","7d3343a6-2420-4766-a8ef-16ee29843651","Need Ur Luv - Japanese Wallpaper Remix",""
"1699040613","03 Nov 2023, 19:43","Charli XCX","260b6184-8828-48eb-945c-bc4cb6fc34ca","how i'm feeling now","0690e824-9bbd-4b09-bf5d-673394ca5afe","anthems","54ed9780-7dc5-4793-8cca-4ac70d416533"
"1699040417","03 Nov 2023, 19:40","Charli XCX","260b6184-8828-48eb-945c-bc4cb6fc34ca","how i'm feeling now","0690e824-9bbd-4b09-bf5d-673394ca5afe","7 years","0daeb0ab-b01e-42f0-93fe-fde72b5415bc"
"1699040216","03 Nov 2023, 19:36","Charli XCX","260b6184-8828-48eb-945c-bc4cb6fc34ca","CRASH","0c41aa7d-de57-4d98-a3c0-4c740834b410","New Shapes (feat. Christine and the Queens and Caroline Polachek)",""
"1699040028","03 Nov 2023, 19:33","Charli XCX","260b6184-8828-48eb-945c-bc4cb6fc34ca","CRASH (Deluxe)","","Constant Repeat","35402eb9-404c-404c-baad-545f9be32aeb"
"1699039812","03 Nov 2023, 19:30","Charli XCX","260b6184-8828-48eb-945c-bc4cb6fc34ca","Vroom Vroom EP","8ad3cd62-df34-4fd8-8cc9-2ab8e1713b25","Vroom Vroom","1c1d4379-4aef-4b6f-be69-b97c54db276f"
"1699039651","03 Nov 2023, 19:27","Charli XCX","260b6184-8828-48eb-945c-bc4cb6fc34ca","CRASH (Deluxe)","","Sorry if I Hurt You",""
"1699039067","03 Nov 2023, 19:17","Charli XCX","260b6184-8828-48eb-945c-bc4cb6fc34ca","how i'm feeling now","0690e824-9bbd-4b09-bf5d-673394ca5afe","i finally understand","102f5e0a-72f3-402c-b696-3fa2cc19f20f"
"1699037496","03 Nov 2023, 18:51","Charli XCX","260b6184-8828-48eb-945c-bc4cb6fc34ca","1999 (Remixes)","","1999 - R3HAB Remix",""
"1699036692","03 Nov 2023, 18:38","Moontype","b9e16954-0de4-46a8-a3fc-a33603a37df7","Bodies of Water","1f73a6a3-99fc-4d73-b529-c9f7afdcd81c","About You","4f037613-6804-4e0e-a141-28fe2808f25c"
"1699036452","03 Nov 2023, 18:34","The Mountain Goats","9639cd52-c351-4a17-9797-58880e95a7ef","The Sunset Tree","2d66c5e3-c1f0-440c-96b7-fd4578ecb8c7","This Year","39d4573a-b566-3d20-9568-0cfb56c2f67c"
"1699036292","03 Nov 2023, 18:31","Phoebe Bridgers","96855c21-b832-4366-ba12-0d2330c36a86","Kyoto (Glitch Gum Remix)","0713222a-def3-47f8-9ff9-deb217d9d336","Kyoto (Glitch Gum Remix)","fcb97573-c1b0-4a4e-9665-4eda1c127307"
"1699036097","03 Nov 2023, 18:28","trapl archives","","imgonnagetmyrevenge","","imgonnagetmyrevenge",""
"1699035953","03 Nov 2023, 18:25","Moontype","b9e16954-0de4-46a8-a3fc-a33603a37df7","Bodies of Water","1f73a6a3-99fc-4d73-b529-c9f7afdcd81c","About You","4f037613-6804-4e0e-a141-28fe2808f25c"
"1699035720","03 Nov 2023, 18:22","The Mountain Goats","9639cd52-c351-4a17-9797-58880e95a7ef","The Sunset Tree","2d66c5e3-c1f0-440c-96b7-fd4578ecb8c7","This Year","39d4573a-b566-3d20-9568-0cfb56c2f67c"
"1699035561","03 Nov 2023, 18:19","Phoebe Bridgers","96855c21-b832-4366-ba12-0d2330c36a86","Kyoto (Glitch Gum Remix)","0713222a-def3-47f8-9ff9-deb217d9d336","Kyoto (Glitch Gum Remix)","fcb97573-c1b0-4a4e-9665-4eda1c127307"
"1699035324","03 Nov 2023, 18:15","trapl archives","","imgonnagetmyrevenge","","imgonnagetmyrevenge",""
"1699035101","03 Nov 2023, 18:11","trapl archives","","imgonnagetmyrevenge","","imgonnagetmyrevenge",""
"1699034412","03 Nov 2023, 18:00","Moontype","b9e16954-0de4-46a8-a3fc-a33603a37df7","Bodies of Water","1f73a6a3-99fc-4d73-b529-c9f7afdcd81c","About You","4f037613-6804-4e0e-a141-28fe2808f25c"
"1699034163","03 Nov 2023, 17:56","girlpuppy","5edb9543-751f-4d53-99b7-2d36a454a9dc","When I'm Alone","","Wish","de2db15a-73a1-4886-8a26-dd0143996d48"
"1699034006","03 Nov 2023, 17:53","Alex G","7df4c4de-3181-4a69-bd36-9d663970cebb","God Save the Animals","0c889c27-2492-46ca-82c2-d93b536d54ec","Runner","d260a92a-0751-4237-9cb7-7f9ba21f8991"
"1699033854","03 Nov 2023, 17:50","The Flat Stanleys","6b77de07-04d4-4cbd-bbd8-79387725b4cb","Dancing to Dad Rock","0d7dd614-21ed-4dcd-b0cb-373fdcbb31a1","Me vs Your Friends","9e5e819a-56f4-403c-9ef0-9af55d65f840"
"1699033854","03 Nov 2023, 17:50","Petey","","Other Stuff","","Haircut",""
"1699032888","03 Nov 2023, 17:34","Xingfoo&Roy","","10 Dating Tips for the Spineless Youth Addicted to Pornography","","Anchor Forever",""
"1699032734","03 Nov 2023, 17:32","Jeffrey Lewis","6a46ba2a-507d-455e-8588-fb39b3d04685","The Last Time I Did Acid I Went Insane","28191179-310c-4516-977e-c3973ef2d541","Seattle","0438b411-375e-36f7-8db0-774b560f5d96"
"1699032532","03 Nov 2023, 17:28","Charli XCX","","Doing It (Feat. Rita Ora) (Remixes)","","Doing It (feat. Rita Ora) - Manhattan Clique Remix",""
"1699032061","03 Nov 2023, 17:21","Bladee","cd689e77-dfdd-4f81-b50c-5e5a3f5e38a4","Crest","","Desire is a Trap",""
"1699031835","03 Nov 2023, 17:17","Pitfall","0ed166e0-2cde-47bc-a191-1bf8834d954b","fatal","","Fatal",""
"1699031764","03 Nov 2023, 17:16","The Rolling Stones","b071f9fa-14b0-4217-8e97-eb41da73f598","Singles 1963-1965","","Play With Fire - (Original Single Mono Version)",""
"1699031473","03 Nov 2023, 17:11","Charli XCX","260b6184-8828-48eb-945c-bc4cb6fc34ca","CRASH","0c41aa7d-de57-4d98-a3c0-4c740834b410","Constant Repeat","35402eb9-404c-404c-baad-545f9be32aeb"
"1699031245","03 Nov 2023, 17:07","Charli XCX","260b6184-8828-48eb-945c-bc4cb6fc34ca","Used To Know Me","53fe0efc-f068-4728-8899-79bf47260330","Every Rule","2cc2d59c-5852-43da-9e5a-b0736ce5756b"
"1699031062","03 Nov 2023, 17:04","Charli XCX","260b6184-8828-48eb-945c-bc4cb6fc34ca","Charli","6fdb3260-eac7-4ad9-8c72-92f45d9ca836","I Don't Wanna Know","4fa20fe9-7ea0-4150-a36e-736f0bef5a61"
"1699030859","03 Nov 2023, 17:00","Alice Longyu Gao","a0b6734c-a0fb-4068-b667-06483ad73719","Rich Bitch Juice","","Rich Bitch Juice","d2bdc363-78a1-4135-b51a-59f018e1a896"
"1699030732","03 Nov 2023, 16:58","d0llywood1","","ihonestlymightjustgiveup","","ihonestlymightjustgiveup",""
"1699030587","03 Nov 2023, 16:56","CAKE POP","bd4e3dd2-ee69-40a5-bae2-c8e49b39e6d0","Cake Pop 2","","Black Rum","b7450eec-70e7-4d12-a959-23a510f9e29d"
"1699030475","03 Nov 2023, 16:54","oaf1","","think abt it","335963bc-5c4e-43fd-bfcc-b56acfbe5b1a","think abt it","c0a396a3-ae25-429f-84d8-3bf2f3bb50e3"
"1699030240","03 Nov 2023, 16:50","QT","60f8683c-29b3-41db-97a9-af77487913d9","Hey QT","75995c32-51fd-4f1a-8a76-4ff9ad59afc0","Hey QT","11171366-fc0f-403f-84b3-b1e28a436608"
"1699030004","03 Nov 2023, 16:46","QT","60f8683c-29b3-41db-97a9-af77487913d9","Hey QT","75995c32-51fd-4f1a-8a76-4ff9ad59afc0","Hey QT","11171366-fc0f-403f-84b3-b1e28a436608"
"1699029935","03 Nov 2023, 16:45","Quinn","","bad idea","","bad idea",""
"1699029743","03 Nov 2023, 16:42","Charli XCX","260b6184-8828-48eb-945c-bc4cb6fc34ca","Vroom Vroom EP","8ad3cd62-df34-4fd8-8cc9-2ab8e1713b25","Vroom Vroom","1c1d4379-4aef-4b6f-be69-b97c54db276f"
"1699029576","03 Nov 2023, 16:39","ericdoa","","hi, i'm dante","","movinglikeazombie",""
"1699029362","03 Nov 2023, 16:36","Underscores","","fishmonger","7b10301a-3a74-4d5d-8312-443389d0b4ec","Spoiled little brat","2d295ecc-de04-4dd7-9a18-feb81f607b18"
"1699029242","03 Nov 2023, 16:34","Quinn","","i dont want that many friends in the first place","","i dont want that many friends in the first place",""
"1699029090","03 Nov 2023, 16:31","SEBii","12cf6385-76d7-4af1-9f73-21dd3a6d2222","Visored Vitality","257375d8-1cd7-4e87-b97e-90aed7b5862f","Butterfly Bankai","c398ca02-e519-419b-8e52-0f5c9e5d7c60"
"1699028944","03 Nov 2023, 16:29","d0llywood1","","istillmissu","","istillmissu",""
"1699028802","03 Nov 2023, 16:26","8485","","goreblog","","goreblog",""
"1699028636","03 Nov 2023, 16:23","Hannah Diamond","76130c0b-b177-434f-893f-46c8d819548d","PC Music, Vol. 1","","Every Night","1a74ffb5-c543-4b69-81a1-3ec5f8e343e9"
"1699028513","03 Nov 2023, 16:21","Quinn","","drive-by lullabies","","from paris, with love",""
"1699028417","03 Nov 2023, 16:20","fraxiom","cfb4ae4f-e281-43bb-a6d2-fcfff15e00db","scawy monstews and nice spwites :3","38e9f737-8874-434a-9b8e-f553290ef8ae","scawy monstews and nice spwites :3","5c16efc5-1293-4ee3-8b6b-09ae1485933e"
"1699028130","03 Nov 2023, 16:15","trapl archives","","imgonnagetmyrevenge","","imgonnagetmyrevenge",""
"1699028027","03 Nov 2023, 16:13","Glaive","","cypress grove","7472751f-281a-4482-9d6e-ae2793ca6b81","astrid","22e4032e-971b-430c-a238-2efdb15ed4ed"
"1699027868","03 Nov 2023, 16:11","Phoebe Bridgers","96855c21-b832-4366-ba12-0d2330c36a86","Kyoto (Glitch Gum Remix)","0713222a-def3-47f8-9ff9-deb217d9d336","Kyoto (Glitch Gum Remix)","fcb97573-c1b0-4a4e-9665-4eda1c127307"
"1699027687","03 Nov 2023, 16:08","100 gecs","d6d45dda-2377-4faa-947b-e071efa085c0","1000 gecs","6cddb1f1-d7c4-4932-b080-fe9a0968eb75","stupid horse","6b4db90b-874a-4be0-a486-13a4af634fae"
"1699027475","03 Nov 2023, 16:04","meat computer","0943f55d-1c10-4a52-a1ef-06e625f26674","team edward","","team edward",""
"1699027274","03 Nov 2023, 16:01","Underscores","","fishmonger","7b10301a-3a74-4d5d-8312-443389d0b4ec","Spoiled little brat","2d295ecc-de04-4dd7-9a18-feb81f607b18"
"1699027115","03 Nov 2023, 15:58","Phoebe Bridgers","96855c21-b832-4366-ba12-0d2330c36a86","Kyoto (Glitch Gum Remix)","0713222a-def3-47f8-9ff9-deb217d9d336","Kyoto (Glitch Gum Remix)","fcb97573-c1b0-4a4e-9665-4eda1c127307"
"1699026995","03 Nov 2023, 15:56","Phoebe Bridgers","96855c21-b832-4366-ba12-0d2330c36a86","Kyoto (Glitch Gum Remix)","0713222a-def3-47f8-9ff9-deb217d9d336","Kyoto (Glitch Gum Remix)","fcb97573-c1b0-4a4e-9665-4eda1c127307"
"1699026783","03 Nov 2023, 15:53","Dressy Bessy","64973b13-9786-4b52-a04e-e02c884ab880","Pink Hearts, Yellow Moons","aee6004d-743c-4ce1-8088-02ec0a36bdb4","Just Like Henry","fd4f8958-3c8e-42a4-ba66-500a6004a89b"
"1699026513","03 Nov 2023, 15:48","Go West","41ff7032-f14b-4cf8-acf3-54b545927f8d","Indian Summer","01f758eb-2312-4e0c-bd15-0665c468d246","The King of Wishful Thinking","782e927c-cf57-4269-a10e-41ea9b31e6c8"
"1699026463","03 Nov 2023, 15:47","Pinegrove","871fe26f-544d-4275-a5dd-af5442d15b92","Skylight","2beed145-37ff-45ec-9969-baddfcdcde55","Amulets","900469d7-df46-43f2-a7a4-4116bc0d36f8"
"1699026358","03 Nov 2023, 15:45","Jodi","","Karaoke","cdde5104-3895-47d9-8728-71c803310b94","Passerine","50a1e25f-aaf4-40a0-b37e-f0e5bfe05da6"
"1699026211","03 Nov 2023, 15:43","Momma","a17342a6-e661-4874-9687-957caf010377","Two of Me","957e49cb-eb72-4ec1-b8f9-d5e3ab080a4a","Bug House","42a1c713-29e5-4761-8c87-2c544df816d0"
"1699026058","03 Nov 2023, 15:40","Good Sad Happy Bad","1eb3bb5b-ea33-44c8-adbc-4b7b1fe47cb4","Shades","1185ebcf-8059-4a4e-a79d-42c910fa54d8","Star","c8eed02c-9847-4b9a-9d72-dc6cf8eafc65"
"1699026050","03 Nov 2023, 15:40","Yung Lean","","Victorious//Bullets","","Bullets",""
"1699025810","03 Nov 2023, 15:36","Momma","a17342a6-e661-4874-9687-957caf010377","Two of Me","957e49cb-eb72-4ec1-b8f9-d5e3ab080a4a","Double Dare","59162c79-2b6b-4a7e-973d-3ab952cb8397"
"1699025668","03 Nov 2023, 15:34","Sipper","","Pink Songs 2","","sore",""
"1699025492","03 Nov 2023, 15:31","Pops Tuna","843e45d0-01f9-48ac-b963-9d673334c00b","Pops Tuna","","M",""
"1699025289","03 Nov 2023, 15:28","Yung Lean","","Victorious//Bullets","","Bullets",""
"1699025152","03 Nov 2023, 15:25","Bladee","cd689e77-dfdd-4f81-b50c-5e5a3f5e38a4","Icedancer","d98d0f2e-8fc2-421d-951d-7bd0d1565f74","Inside Out","0ca71100-306d-48c6-b2dd-a8330a0b38f4"
"1699025022","03 Nov 2023, 15:23","Skrillex","ae002c5d-aac6-490b-a39a-30aa9e2edf2b","Don’t Get Too Close","9b06e6c7-adae-4262-83b8-2c98e77e6ee5","Real Spring",""
"1699020221","03 Nov 2023, 14:03","Yung Lean","","Victorious//Bullets","","Victorious",""
"1699020024","03 Nov 2023, 14:00","Bladee","cd689e77-dfdd-4f81-b50c-5e5a3f5e38a4","EVERSINCE","96e5ccf7-2ba9-4f94-944d-79ca0139c758","Lovenote","86a727ab-9787-45e7-85db-5fa64d72cdb8"
"1699016608","03 Nov 2023, 13:03","Skrillex","ae002c5d-aac6-490b-a39a-30aa9e2edf2b","Don’t Get Too Close","9b06e6c7-adae-4262-83b8-2c98e77e6ee5","Ceremony",""
"1699016537","03 Nov 2023, 13:02","Palmistry","","Tinkerbell","8086eba4-a35d-48de-b7ad-34ffd8794a5c","Bad Vibes",""
"1699016359","03 Nov 2023, 12:59","Bladee","cd689e77-dfdd-4f81-b50c-5e5a3f5e38a4","Working on Dying","587b563c-73ff-4d81-b669-b49a2e492508","Cherry Bracelets","72e64b94-eba9-464d-b1ba-3cecc6bc5edf"
"1699016170","03 Nov 2023, 12:56","Bladee","cd689e77-dfdd-4f81-b50c-5e5a3f5e38a4","EVERSINCE","96e5ccf7-2ba9-4f94-944d-79ca0139c758","Who Goes There","2b236e9f-28b8-49cb-bde2-5fe0e4264fe8"
"1699016049","03 Nov 2023, 12:54","Bladee","cd689e77-dfdd-4f81-b50c-5e5a3f5e38a4","Icedancer","d98d0f2e-8fc2-421d-951d-7bd0d1565f74","Mallwhore Freeestyle","428a425c-4361-453e-b92d-7dc0e742d107"
"1699015780","03 Nov 2023, 12:49","Bladee","cd689e77-dfdd-4f81-b50c-5e5a3f5e38a4","Into Dust","820f76c4-b7c5-4074-a0af-19a7bc86098f","Into Dust","0d23f514-e506-4091-a4ab-28530d02bd95"
"1699015654","03 Nov 2023, 12:47","Bladee","cd689e77-dfdd-4f81-b50c-5e5a3f5e38a4","Crest","","Faust",""
"1699015513","03 Nov 2023, 12:45","Ecco2K","66ab36ce-8f58-46fb-9284-396c2c90ecbd","Trash Island","635a588b-4bef-40e7-a221-1845afbb14d7","Western Union",""
"1698987056","03 Nov 2023, 04:50","Bladee","cd689e77-dfdd-4f81-b50c-5e5a3f5e38a4","AvP","91b7ad50-f4d8-4eff-b278-8c1b1261fc70","Still in Search of Sunshine",""
"1698986922","03 Nov 2023, 04:48","Bladee","cd689e77-dfdd-4f81-b50c-5e5a3f5e38a4","The Fool","c766c578-2b32-4e96-b697-10eace5e662e","Hotel Breakfast","ab68748f-5958-486f-8450-f3a8a3791a03"
"1698986692","03 Nov 2023, 04:44","Charli XCX","260b6184-8828-48eb-945c-bc4cb6fc34ca","CRASH","0c41aa7d-de57-4d98-a3c0-4c740834b410","New Shapes (feat. Christine and the Queens and Caroline Polachek)",""
"1698986461","03 Nov 2023, 04:41","Slaughter Beach, Dog","9969f247-ce03-4b25-927f-c00c51ecedbe","Motorcycle.jpg","a8f0fade-f62b-46c8-a2f6-c0801b989838","104 degrees","053ad97b-8a45-48b7-83d6-17c5c0149dbf"
"1698986256","03 Nov 2023, 04:37","The Kinks","","The Darjeeling Limited","","This Time Tomorrow - 2020 Stereo Remaster",""
"1698986136","03 Nov 2023, 04:35","Pinegrove","871fe26f-544d-4275-a5dd-af5442d15b92","Skylight","2beed145-37ff-45ec-9969-baddfcdcde55","Easy Enough","1efd28ed-0e49-4b4f-8872-2b0464a13301"
"1698985979","03 Nov 2023, 04:32","Paul Simon","05517043-ff78-4988-9c22-88c68588ebb9","Graceland (25th Anniversary Deluxe Edition)","","You Can Call Me Al","89c4b186-ba60-48f9-bb46-e5abd971800f"
"1698985814","03 Nov 2023, 04:30","Paul Simon","05517043-ff78-4988-9c22-88c68588ebb9","Paul Simon","135a4684-8a27-410c-83ec-b6aee745d817","Me and Julio Down by the Schoolyard",""
"1698985640","03 Nov 2023, 04:27","Simon & Garfunkel","5d02f264-e225-41ff-83f7-d9b1f0b1874a","Bridge Over Troubled Water","036cf7d0-bca5-4be2-9ce9-8d263485a393","Cecilia",""
"1698985412","03 Nov 2023, 04:23","Chappell Roan","56a55378-f155-48de-80a5-d80104221267","HOT TO GO!","","HOT TO GO!","e619cd9d-ee35-4e37-8ee1-51b992ab95d7"
"1698985266","03 Nov 2023, 04:21","Free Cake For Every Creature","16f0ea6f-908f-4dcf-b0e0-473ce60b584e","Talking Quietly Of Anything With You","0d5e20f3-c176-466b-a58b-ffd3cafebdbe","For You","a284e196-7a1c-48e7-9ceb-9b0c4968245a"
"1698985135","03 Nov 2023, 04:18","Moontype","b9e16954-0de4-46a8-a3fc-a33603a37df7","Bodies of Water","1f73a6a3-99fc-4d73-b529-c9f7afdcd81c","About You","4f037613-6804-4e0e-a141-28fe2808f25c"
"1698984903","03 Nov 2023, 04:15","The Mountain Goats","9639cd52-c351-4a17-9797-58880e95a7ef","The Sunset Tree","2d66c5e3-c1f0-440c-96b7-fd4578ecb8c7","This Year","39d4573a-b566-3d20-9568-0cfb56c2f67c"
"1698983248","03 Nov 2023, 03:47","Bladee","cd689e77-dfdd-4f81-b50c-5e5a3f5e38a4","Apple","81d650c3-5869-45f0-8b02-9a5d3b43fb29","Apple","6148eac0-c256-44b5-9ab3-f4869b5d55a1"
"1698983112","03 Nov 2023, 03:45","Bladee","cd689e77-dfdd-4f81-b50c-5e5a3f5e38a4","333","3ba7dd4b-9d0c-4b24-bda9-d1ba44882487","It Girl","43db2e53-84a1-4f9a-bac5-eed934c6c5bb"
"1698982870","03 Nov 2023, 03:41","Yung Lean","757ed661-fbad-4e45-b1cd-a6b09f06f54a","Warlord","2be20640-c774-483a-942d-ff236443e198","Highway Patrol","6b769c5d-e8e1-471b-9607-b54b1aa4b25c"
"1698976110","03 Nov 2023, 01:48","Bladee","cd689e77-dfdd-4f81-b50c-5e5a3f5e38a4","Gluee","250bafde-fd0c-4490-a728-5f741f55f670","unreal","16dac5cd-4e8c-4b3e-ab82-53ce9ee983c3"
"1698975986","03 Nov 2023, 01:46","Thaiboy Digital","68d311c0-525f-4f72-a044-84e54565d02d","Back 2 Life","d5851747-53b3-46f9-81b7-bf86bc4cec81","The Kingdom",""
"1698975860","03 Nov 2023, 01:44","Ecco2K","66ab36ce-8f58-46fb-9284-396c2c90ecbd","Trash Island","635a588b-4bef-40e7-a221-1845afbb14d7","Western Union",""
"1698975739","03 Nov 2023, 01:42","Bladee","cd689e77-dfdd-4f81-b50c-5e5a3f5e38a4","333","3ba7dd4b-9d0c-4b24-bda9-d1ba44882487","Hero of My Story 3style3","7b0c2635-a118-4be3-bf90-58d86e915f0d"
"1698975596","03 Nov 2023, 01:39","Yung Lean","","Victorious//Bullets","","Victorious",""
"1698975592","03 Nov 2023, 01:39","BabyTron","dc1e73d5-4ff6-4c40-bbd6-493f4dd0d047","Bin Reaper","96141836-b4eb-4624-a88b-6470e90474be","Jesus Shuttlesworth","5906b3dd-6f18-46bb-80c0-b0b50ab9dc5a"
"1698973411","03 Nov 2023, 01:03","Petey","","Other Stuff","","Haircut",""
"1698973202","03 Nov 2023, 01:00","American Football","4ebb5ad3-9018-407d-8c24-c03011ab9ac6","American Football (LP2)","","Desire Gets in the Way","1efae236-3460-4970-baad-3c71e2cd0fe7"
"1698973102","03 Nov 2023, 00:58","Palmistry","","Tinkerbell","8086eba4-a35d-48de-b7ad-34ffd8794a5c","Brexia",""
"1698972917","03 Nov 2023, 00:55","Chappell Roan","56a55378-f155-48de-80a5-d80104221267","HOT TO GO!","","HOT TO GO!","e619cd9d-ee35-4e37-8ee1-51b992ab95d7"
"1698972770","03 Nov 2023, 00:52","Free Cake For Every Creature","16f0ea6f-908f-4dcf-b0e0-473ce60b584e","Talking Quietly Of Anything With You","0d5e20f3-c176-466b-a58b-ffd3cafebdbe","For You","a284e196-7a1c-48e7-9ceb-9b0c4968245a"
"1698972075","03 Nov 2023, 00:41","Moontype","b9e16954-0de4-46a8-a3fc-a33603a37df7","Bodies of Water","1f73a6a3-99fc-4d73-b529-c9f7afdcd81c","About You","4f037613-6804-4e0e-a141-28fe2808f25c"
"1698971816","03 Nov 2023, 00:36","The Mountain Goats","9639cd52-c351-4a17-9797-58880e95a7ef","The Sunset Tree","2d66c5e3-c1f0-440c-96b7-fd4578ecb8c7","This Year","39d4573a-b566-3d20-9568-0cfb56c2f67c"
"1698971676","03 Nov 2023, 00:34","Yung Lean","","Victorious//Bullets","","Victorious",""
"1698971458","03 Nov 2023, 00:30","Yung Lean","757ed661-fbad-4e45-b1cd-a6b09f06f54a","Stardust","","Summertime Blood",""
"1698971331","03 Nov 2023, 00:28","Bladee","cd689e77-dfdd-4f81-b50c-5e5a3f5e38a4","Crest","","Faust",""
"1698971196","03 Nov 2023, 00:26","Bladee","cd689e77-dfdd-4f81-b50c-5e5a3f5e38a4","The Fool","c766c578-2b32-4e96-b697-10eace5e662e","Hotel Breakfast","ab68748f-5958-486f-8450-f3a8a3791a03"
"1698971000","03 Nov 2023, 00:23","Bladee","cd689e77-dfdd-4f81-b50c-5e5a3f5e38a4","EVERSINCE","96e5ccf7-2ba9-4f94-944d-79ca0139c758","Lovenote","86a727ab-9787-45e7-85db-5fa64d72cdb8"
"1698970875","03 Nov 2023, 00:21","Thaiboy Digital","68d311c0-525f-4f72-a044-84e54565d02d","Back 2 Life","d5851747-53b3-46f9-81b7-bf86bc4cec81","The Kingdom",""
"1698970739","03 Nov 2023, 00:18","Bladee","cd689e77-dfdd-4f81-b50c-5e5a3f5e38a4","333","3ba7dd4b-9d0c-4b24-bda9-d1ba44882487","Noblest Strive","ef28aa06-9787-42e3-8a59-c4d8bab8cb10"
"1698970484","03 Nov 2023, 00:14","Yung Lean","757ed661-fbad-4e45-b1cd-a6b09f06f54a","Frost God","d676a1db-c918-40df-8d8d-dbfc8f0cc173","Hennessy & Sailor Moon",""
"1698970360","03 Nov 2023, 00:12","Bladee","cd689e77-dfdd-4f81-b50c-5e5a3f5e38a4","333","3ba7dd4b-9d0c-4b24-bda9-d1ba44882487","Reality Surf","48c1e570-bae6-4244-8cbc-bfb2c16a62e0"
"1698970224","03 Nov 2023, 00:10","Bladee","cd689e77-dfdd-4f81-b50c-5e5a3f5e38a4","333","3ba7dd4b-9d0c-4b24-bda9-d1ba44882487","It Girl","43db2e53-84a1-4f9a-bac5-eed934c6c5bb"
"1698970032","03 Nov 2023, 00:07","Bladee","cd689e77-dfdd-4f81-b50c-5e5a3f5e38a4","The Fool","c766c578-2b32-4e96-b697-10eace5e662e","I Think...","41fea350-c420-4e6c-b04b-fa3605c79f33"
"1698969899","03 Nov 2023, 00:04","Bladee","cd689e77-dfdd-4f81-b50c-5e5a3f5e38a4","Gluee","250bafde-fd0c-4490-a728-5f741f55f670","unreal","16dac5cd-4e8c-4b3e-ab82-53ce9ee983c3"
"1698969634","03 Nov 2023, 00:00","Evian Christ","","Yxguden","","Yxguden",""
"1698969522","02 Nov 2023, 23:58","Thaiboy Digital","68d311c0-525f-4f72-a044-84e54565d02d","Legendary Member","24f6e055-65db-45fd-a870-a49d2d361ad8","Legendary Member","a3f22a5b-d13d-471f-bef7-bdf0b680b6f6"
"1698969335","02 Nov 2023, 23:55","Bladee","cd689e77-dfdd-4f81-b50c-5e5a3f5e38a4","EVERSINCE","96e5ccf7-2ba9-4f94-944d-79ca0139c758","Sugar","802837db-a922-4214-9052-8ba69c914cc9"
"1698964434","02 Nov 2023, 22:33","Bladee","cd689e77-dfdd-4f81-b50c-5e5a3f5e38a4","EVERSINCE","96e5ccf7-2ba9-4f94-944d-79ca0139c758","Who Goes There","2b236e9f-28b8-49cb-bde2-5fe0e4264fe8"
"1698964307","02 Nov 2023, 22:31","Bladee","cd689e77-dfdd-4f81-b50c-5e5a3f5e38a4","Icedancer","d98d0f2e-8fc2-421d-951d-7bd0d1565f74","Be Nice 2 Me","fc3bbb2d-cbb9-44b2-8925-c17a1b54e8a3"
"1698964169","02 Nov 2023, 22:29","Bladee","cd689e77-dfdd-4f81-b50c-5e5a3f5e38a4","Icedancer","d98d0f2e-8fc2-421d-951d-7bd0d1565f74","Side by Side",""
"1698964046","02 Nov 2023, 22:27","Bladee","cd689e77-dfdd-4f81-b50c-5e5a3f5e38a4","Icedancer","d98d0f2e-8fc2-421d-951d-7bd0d1565f74","Special Place","3ed73a3b-0663-440e-b0e6-ccec11842949"
"1698963854","02 Nov 2023, 22:24","Bladee","cd689e77-dfdd-4f81-b50c-5e5a3f5e38a4","Red Light","725f97cb-5e7a-4bbb-be43-c6500407a940","I'm Goofy","8036e6cc-b7e7-4172-a11d-a7f9c6eff2e3"
"1698963685","02 Nov 2023, 22:21","Bladee","cd689e77-dfdd-4f81-b50c-5e5a3f5e38a4","The Fool","c766c578-2b32-4e96-b697-10eace5e662e","Trendy","8dabdca5-edd3-44c1-8e7c-eac215e4af9b"
"1698963496","02 Nov 2023, 22:18","Yung Lean","","Victorious//Bullets","","Bullets",""
"1698963367","02 Nov 2023, 22:16","Skrillex","ae002c5d-aac6-490b-a39a-30aa9e2edf2b","Don’t Get Too Close","9b06e6c7-adae-4262-83b8-2c98e77e6ee5","Real Spring",""
"1698963244","02 Nov 2023, 22:14","Bladee","cd689e77-dfdd-4f81-b50c-5e5a3f5e38a4","The Fool","c766c578-2b32-4e96-b697-10eace5e662e","BBY","8764bc7a-4204-40f0-9545-d30f7c83d843"
"1698963115","02 Nov 2023, 22:11","Ecco2K","66ab36ce-8f58-46fb-9284-396c2c90ecbd","Amygdala","","Amygdala",""
"1698962977","02 Nov 2023, 22:09","Bladee","cd689e77-dfdd-4f81-b50c-5e5a3f5e38a4","Icedancer","d98d0f2e-8fc2-421d-951d-7bd0d1565f74","Inside Out","0ca71100-306d-48c6-b2dd-a8330a0b38f4"
"1698962899","02 Nov 2023, 22:08","Bladee","cd689e77-dfdd-4f81-b50c-5e5a3f5e38a4","Spiderr","92de5f22-69e3-4a1f-877f-ca9c475d73c2","ITS OK TO NOT BE OK","b2935ab5-857b-4df7-943a-27dac550b0ff"
"1698962769","02 Nov 2023, 22:06","Bladee","cd689e77-dfdd-4f81-b50c-5e5a3f5e38a4","Vanilla Sky","e602f6df-0079-4f9b-a413-2769e75059b1","Vanilla Sky",""
"1698962616","02 Nov 2023, 22:03","Bladee","cd689e77-dfdd-4f81-b50c-5e5a3f5e38a4","Trash Island","635a588b-4bef-40e7-a221-1845afbb14d7","Victim","7c695de0-8bf4-42fb-a512-691241a1b9cc"
"1698962496","02 Nov 2023, 22:01","Bladee","cd689e77-dfdd-4f81-b50c-5e5a3f5e38a4","333","3ba7dd4b-9d0c-4b24-bda9-d1ba44882487","Hero of My Story 3style3","7b0c2635-a118-4be3-bf90-58d86e915f0d"
"1698962285","02 Nov 2023, 21:58","Yung Lean","757ed661-fbad-4e45-b1cd-a6b09f06f54a","Warlord","2be20640-c774-483a-942d-ff236443e198","Highway Patrol","6b769c5d-e8e1-471b-9607-b54b1aa4b25c"
"1698960697","02 Nov 2023, 21:31","Death Cab for Cutie","0039c7ae-e1a7-4a7d-9b49-0cbc716821a6","We Have the Facts and We're Voting Yes","6ad8e46b-7259-4038-ae3a-74bf1c02c78c","Company Calls","0149d612-e95a-3540-8d2c-07346202346b"
"1698960547","02 Nov 2023, 21:29","Pinegrove","871fe26f-544d-4275-a5dd-af5442d15b92","Everything So Far","5f26f199-53d4-481f-9285-c5a447486938","Problems","05bf1a3d-5a8b-467a-8295-12b1d28ceedd"
"1698960547","02 Nov 2023, 21:29","Jonatan Leandoer96","","Nectar","1e39b9a8-68f0-4228-a4be-153fa9d8b89e","Off With Their Heads",""
"1698957701","02 Nov 2023, 20:41","Field Medic","4a42d940-ad63-4b06-a871-f6e37eab4c6f","Fade Into the Dawn","462e1a49-1ed6-47fb-b6ab-e30a3d914ae9","Everyday'z 2moro","2b8ba9bc-d016-4142-b2d7-729a119d5c15"
"1698957472","02 Nov 2023, 20:37","Peach Pit","1888892a-06b7-4bbd-b0a1-3ffde01e4094","From 2 to 3","790b0838-2d47-4b9e-b2b7-07f8519eb00c","Up Granville","00b07045-0903-494d-8f6f-ffd6fafbeb81"
"1698957244","02 Nov 2023, 20:34","American Football","4ebb5ad3-9018-407d-8c24-c03011ab9ac6","American Football (LP2)","","Desire Gets in the Way","1efae236-3460-4970-baad-3c71e2cd0fe7"
"1698956859","02 Nov 2023, 20:27","American Football","4ebb5ad3-9018-407d-8c24-c03011ab9ac6","American Football (LP2)","","Desire Gets in the Way","1efae236-3460-4970-baad-3c71e2cd0fe7"
"1698956736","02 Nov 2023, 20:25","Palmistry","","Tinkerbell","8086eba4-a35d-48de-b7ad-34ffd8794a5c","Brexia",""
"1698956118","02 Nov 2023, 20:15","Chappell Roan","56a55378-f155-48de-80a5-d80104221267","HOT TO GO!","","HOT TO GO!","e619cd9d-ee35-4e37-8ee1-51b992ab95d7"
"1698955972","02 Nov 2023, 20:12","Free Cake For Every Creature","16f0ea6f-908f-4dcf-b0e0-473ce60b584e","Talking Quietly Of Anything With You","0d5e20f3-c176-466b-a58b-ffd3cafebdbe","For You","a284e196-7a1c-48e7-9ceb-9b0c4968245a"
"1698955840","02 Nov 2023, 20:10","Moontype","b9e16954-0de4-46a8-a3fc-a33603a37df7","Bodies of Water","1f73a6a3-99fc-4d73-b529-c9f7afdcd81c","About You","4f037613-6804-4e0e-a141-28fe2808f25c"
"1698955609","02 Nov 2023, 20:06","The Mountain Goats","9639cd52-c351-4a17-9797-58880e95a7ef","The Sunset Tree","2d66c5e3-c1f0-440c-96b7-fd4578ecb8c7","This Year","39d4573a-b566-3d20-9568-0cfb56c2f67c"
"1698954835","02 Nov 2023, 19:53","Bladee","cd689e77-dfdd-4f81-b50c-5e5a3f5e38a4","Trash Island","635a588b-4bef-40e7-a221-1845afbb14d7","Victim","7c695de0-8bf4-42fb-a512-691241a1b9cc"
"1698954476","02 Nov 2023, 19:47","Thaiboy Digital","68d311c0-525f-4f72-a044-84e54565d02d","Legendary Member","24f6e055-65db-45fd-a870-a49d2d361ad8","Legendary Member","a3f22a5b-d13d-471f-bef7-bdf0b680b6f6"
"1698954472","02 Nov 2023, 19:47","The Kinks","","Lola versus Powerman and the Moneygoround, Pt. 1","","This Time Tomorrow - 2020 Stereo Remaster",""
"1698953533","02 Nov 2023, 19:32","Blur","","Leisure (Special Edition)","","There's No Other Way - 2012 Remaster",""
"1698953113","02 Nov 2023, 19:25","Momma","a17342a6-e661-4874-9687-957caf010377","Medicine","0418e56c-675d-4a49-bbeb-c1d7e6c13166","Medicine","aa241888-b0a5-4ed8-9220-22dc8e704260"
"1698952681","02 Nov 2023, 19:18","Momma","a17342a6-e661-4874-9687-957caf010377","Household Name","acd6ac10-09cd-42c8-835f-a3760ad2cb85","Tall Home","0691fca9-3dde-411b-9a75-62c415353201"
"1698947028","02 Nov 2023, 17:43","Momma","a17342a6-e661-4874-9687-957caf010377","Household Name","acd6ac10-09cd-42c8-835f-a3760ad2cb85","Tall Home","0691fca9-3dde-411b-9a75-62c415353201"
"1698946741","02 Nov 2023, 17:39","Pavement","","Brighten the Corners","0cdcf8f2-0042-4702-9c0b-6e668007f33c","Shady Lane","1625f261-0812-3e41-af0d-e6ea4ac87c84"
"1698946503","02 Nov 2023, 17:35","Charli XCX","260b6184-8828-48eb-945c-bc4cb6fc34ca","CRASH","0c41aa7d-de57-4d98-a3c0-4c740834b410","New Shapes (feat. Christine and the Queens and Caroline Polachek)",""
"1698946298","02 Nov 2023, 17:31","Caroline Polachek","d8f43dc5-4613-48ac-8c23-a62b82f8c67a","Pang","3913f9b2-8622-4b0b-aeb5-3511d2b103bc","So Hot You're Hurting My Feelings","3668ca74-8ff1-4ee5-aa5b-0393345aa466"
"1698946106","02 Nov 2023, 17:28","Charli XCX","260b6184-8828-48eb-945c-bc4cb6fc34ca","CRASH","0c41aa7d-de57-4d98-a3c0-4c740834b410","New Shapes (feat. Christine and the Queens and Caroline Polachek)",""
"1698945952","02 Nov 2023, 17:25","Petey","","","","Haircut",""
"1698945763","02 Nov 2023, 17:22","Charli XCX","260b6184-8828-48eb-945c-bc4cb6fc34ca","CRASH","0c41aa7d-de57-4d98-a3c0-4c740834b410","New Shapes (feat. Christine and the Queens and Caroline Polachek)",""
"1698945635","02 Nov 2023, 17:20","Creedence Clearwater Revival","109958eb-a335-4c5e-907e-597ff4c6af46","Cosmo's Factory (Expanded Edition)","","Who'll Stop the Rain",""
"1698945433","02 Nov 2023, 17:17","Electric Light Orchestra","0c502791-4ee9-4c5f-9696-0602b721ff3b","A New World Record","05490ba6-5a56-4ca0-99d8-8f141f2515e4","Livin' Thing",""
"1698945169","02 Nov 2023, 17:12","Yung Lean","757ed661-fbad-4e45-b1cd-a6b09f06f54a","Unknown Memory","2f6fffcd-92a4-4d48-9518-b5e4c757c179","Leanworld","4d0cc9cf-7623-472c-8200-216bc0da9af5"
"1698944813","02 Nov 2023, 17:06","The Mountain Goats","9639cd52-c351-4a17-9797-58880e95a7ef","Jenny From Thebes","ea04d296-046d-4555-9600-f86a342e2121","Clean Slate","f45a5c80-8895-4e7d-8592-9914127f38b2"
"1698944605","02 Nov 2023, 17:03","The Mountain Goats","9639cd52-c351-4a17-9797-58880e95a7ef","The Sunset Tree","2d66c5e3-c1f0-440c-96b7-fd4578ecb8c7","Up the Wolves","25a104de-2ea7-4fdb-b909-97a80a4de79e"
"1698944374","02 Nov 2023, 16:59","The Mountain Goats","9639cd52-c351-4a17-9797-58880e95a7ef","The Sunset Tree","2d66c5e3-c1f0-440c-96b7-fd4578ecb8c7","This Year","39d4573a-b566-3d20-9568-0cfb56c2f67c"
"1698944143","02 Nov 2023, 16:55","The Mountain Goats","9639cd52-c351-4a17-9797-58880e95a7ef","The Sunset Tree","2d66c5e3-c1f0-440c-96b7-fd4578ecb8c7","This Year","39d4573a-b566-3d20-9568-0cfb56c2f67c"
"1698943958","02 Nov 2023, 16:52","The Mountain Goats","9639cd52-c351-4a17-9797-58880e95a7ef","The Sunset Tree","2d66c5e3-c1f0-440c-96b7-fd4578ecb8c7","This Year","39d4573a-b566-3d20-9568-0cfb56c2f67c"
"1698943704","02 Nov 2023, 16:48","The Mountain Goats","9639cd52-c351-4a17-9797-58880e95a7ef","The Sunset Tree","2d66c5e3-c1f0-440c-96b7-fd4578ecb8c7","This Year","39d4573a-b566-3d20-9568-0cfb56c2f67c"
"1698943495","02 Nov 2023, 16:44","The Mountain Goats","9639cd52-c351-4a17-9797-58880e95a7ef","The Sunset Tree","2d66c5e3-c1f0-440c-96b7-fd4578ecb8c7","Up the Wolves","25a104de-2ea7-4fdb-b909-97a80a4de79e"
"1698943262","02 Nov 2023, 16:41","The Mountain Goats","9639cd52-c351-4a17-9797-58880e95a7ef","The Sunset Tree","2d66c5e3-c1f0-440c-96b7-fd4578ecb8c7","This Year","39d4573a-b566-3d20-9568-0cfb56c2f67c"
"1698943095","02 Nov 2023, 16:38","The Mountain Goats","9639cd52-c351-4a17-9797-58880e95a7ef","Tallahassee","51c481ba-bb3a-4970-90a5-4ad11fa42651","No Children","750f5d5f-ac44-43e4-aaab-bc46b5eb00ec"
"1698942743","02 Nov 2023, 16:32","Yebba","0aeea1ef-8d96-4556-8c4a-84b88ae271bb","Waterfall (I Adore You)","","Waterfall (I Adore You)",""
"1698942324","02 Nov 2023, 16:25","Spook Houses","19e6640d-b212-4dd3-8675-555e4364b84e","Trying","42f63ae9-b711-4234-aec4-f1bbedecbbe3","American","82c159ea-c90c-4779-aead-678c9291d9bf"
"1698942175","02 Nov 2023, 16:22","Pinegrove","871fe26f-544d-4275-a5dd-af5442d15b92","Everything So Far","5f26f199-53d4-481f-9285-c5a447486938","Need 2","025ab463-05af-41c8-be84-71ff9cc33e83"
"1698942018","02 Nov 2023, 16:20","The Moms","5900dcfb-df39-477b-8bbc-bc39ed25228d","Buy American","1f3315bc-5ac7-4efa-b4ca-1dae20b5551a","Bedtime","239e4402-8c51-4d56-abd5-ed3c6a4f1eb4"
"1698941897","02 Nov 2023, 16:18","Forth Wanderers","b1ab0028-8176-4d1a-bcdc-7fa179a578de","Forth Wanderers","6e52dc3d-3671-4af6-8f9c-35bc7eab7bca","Ages Ago","0f5e4005-bb97-43f2-aa59-1ab17d223656"
"1698941683","02 Nov 2023, 16:14","Flowers For Emily","","Sitting Confused","","Sitting Confused",""
"1698941305","02 Nov 2023, 16:08","macseal","295602fd-41de-46b9-a307-13620ac3ef32","Yeah, No, I Know","83899887-58b5-430d-9795-7cbf62f68df3","Twilight Funzone","e6596c86-ead0-4fc9-a9ad-8ef492d96bff"
"1698941032","02 Nov 2023, 16:03","Scarlet Demore","103252ea-cd18-4093-b1b7-8542c4bc7117","Please Stop Loving Me","","Lost Dawg",""
"1698940897","02 Nov 2023, 16:01","The Rolling Stones","b071f9fa-14b0-4217-8e97-eb41da73f598","Singles 1963-1965","","Play With Fire - (Original Single Mono Version)",""
"1698940636","02 Nov 2023, 15:57","oso oso","a8c4f4c9-b18a-4edf-a7d1-f5b657a9503b","De Facto","0241e473-35a6-4604-8a29-71098ae21f8c","De Facto","26d1f140-a413-4f51-9dc4-d14cff83b858"
"1698940320","02 Nov 2023, 15:52","The Rolling Stones","b071f9fa-14b0-4217-8e97-eb41da73f598","Singles 1963-1965","","Play With Fire - (Original Single Mono Version)",""
"1698937908","02 Nov 2023, 15:11","Pinegrove","871fe26f-544d-4275-a5dd-af5442d15b92","11:11","e49c9422-acdb-4003-b137-007886eec272","Iodine","6f6b5109-c993-4a3e-ad39-4f2a7107d037"
"1698937665","02 Nov 2023, 15:07","Pinegrove","871fe26f-544d-4275-a5dd-af5442d15b92","Skylight","2beed145-37ff-45ec-9969-baddfcdcde55","Darkness","9e77e409-8666-4817-8422-8c6be81872be"
"1698937608","02 Nov 2023, 15:06","Pinegrove","871fe26f-544d-4275-a5dd-af5442d15b92","Marigold","4e36a18f-f506-4c6b-9a10-2fdba57ab98f","Spiral","136d3cca-9eed-4c6d-92a7-eade52db8eff"
"1698935520","02 Nov 2023, 14:32","Pinegrove","871fe26f-544d-4275-a5dd-af5442d15b92","Skylight","2beed145-37ff-45ec-9969-baddfcdcde55","Rings","1307cbe1-d917-4c87-b186-642e365dbf6d"
"1698935403","02 Nov 2023, 14:30","Pinegrove","871fe26f-544d-4275-a5dd-af5442d15b92","Everything So Far","5f26f199-53d4-481f-9285-c5a447486938","Need","068200b3-612b-4a12-804e-5181da071fcd"
"1698935246","02 Nov 2023, 14:27","JPEGMAFIA","c42e60f4-4520-4954-b6e4-82bbdf532c11","Veteran","476fe0aa-f4d3-487c-8ed3-c7eb3a0124f9","1539 N. Calvert","b5082023-6571-4d22-9b70-53dc2bd8e7e8"
"1698935071","02 Nov 2023, 14:24","Modern Baseball","e3513b4f-2a13-45f5-8ead-e79b1af0bf68","Sports","283acc77-7546-48f5-9591-0d5c09a92296","Re-Done","032e1a95-de3c-4bff-8ac2-ef916f17cdc2"
"1698934927","02 Nov 2023, 14:22","Modern Baseball","e3513b4f-2a13-45f5-8ead-e79b1af0bf68","You're Gonna Miss It All","c3c71198-ebc5-44b3-b076-88fb8dd4bc0f","Fine, Great","f8ad7296-0a71-4044-bc38-cddc2aed54f9"
"1698934802","02 Nov 2023, 14:20","Machine Girl","c7df5ec5-380a-40f9-856f-28fb4a33d946","WLFGRL","36fa97f9-6681-4a6f-89c0-853e7aac4f53","Out By 16, Dead on the Scene","425b0fca-ba43-468b-a914-b193a93762cb"
"1698934561","02 Nov 2023, 14:16","Radiohead","a74b1b7f-71a5-4011-9441-d0b5e4122711","In Rainbows","1475431a-cfd3-43ad-bf09-b3826118446f","Jigsaw Falling Into Place","33581f9d-09b8-360f-8e9c-e31141b725a5"
"1698934431","02 Nov 2023, 14:13","trndytrndy","","hotel room","","hotel room",""
"1698934342","02 Nov 2023, 14:12","Pitfall","0ed166e0-2cde-47bc-a191-1bf8834d954b","fatal","","Fatal",""
"1698934231","02 Nov 2023, 14:10","Kid Trash","e73b01fa-b95f-4abe-9ae6-1489404a463d","#KIDTRASHETERNAL","","EXOTIC",""
"1698934088","02 Nov 2023, 14:08","Bladee","cd689e77-dfdd-4f81-b50c-5e5a3f5e38a4","Good Luck (Deluxe)","","Drama",""
"1698933878","02 Nov 2023, 14:04","100 gecs","d6d45dda-2377-4faa-947b-e071efa085c0","1000 gecs and The Tree of Clues","c8e675f6-8392-4368-9601-58fa5c6391f9","ringtone (Remix) [feat. Charli XCX, Rico Nasty, Kero Kero Bonito]",""
"1698933743","02 Nov 2023, 14:02","Charli XCX","260b6184-8828-48eb-945c-bc4cb6fc34ca","how i'm feeling now","0690e824-9bbd-4b09-bf5d-673394ca5afe","claws","9a38fb90-e820-4e44-8b5d-a995dea56408"
"1698933481","02 Nov 2023, 13:58","Lana Del Rey","b7539c32-53e7-4908-bda3-81449c367da6","Chemtrails Over the Country Club","0084311d-5257-492f-a37a-1295ecc41011","Chemtrails Over the Country Club","04983a2f-9e17-405e-804e-f9b9e54be72e"
"1698933356","02 Nov 2023, 13:55","Skrillex","ae002c5d-aac6-490b-a39a-30aa9e2edf2b","Don’t Get Too Close","9b06e6c7-adae-4262-83b8-2c98e77e6ee5","Real Spring",""
"1698933168","02 Nov 2023, 13:52","damon r.","","Zero Dark Flirty","","Zero Dark Flirty",""
"1698932987","02 Nov 2023, 13:49","Chappell Roan","56a55378-f155-48de-80a5-d80104221267","The Rise and Fall of a Midwest Princess","","HOT TO GO!","e619cd9d-ee35-4e37-8ee1-51b992ab95d7"
"1698932935","02 Nov 2023, 13:48","Pinegrove","871fe26f-544d-4275-a5dd-af5442d15b92","Skylight","2beed145-37ff-45ec-9969-baddfcdcde55","Thanksgiving","0c5fdb09-41da-4e47-8eef-92ae271a6f19"
"1698932849","02 Nov 2023, 13:47","Palmistry","","Tinkerbell","8086eba4-a35d-48de-b7ad-34ffd8794a5c","Brexia",""
"1698932703","02 Nov 2023, 13:45","Jonatan Leandoer96","","Nectar","1e39b9a8-68f0-4228-a4be-153fa9d8b89e","Off With Their Heads",""
"1698932496","02 Nov 2023, 13:41","Evian Christ","","Yxguden","","Yxguden",""
"1698932396","02 Nov 2023, 13:39","Bladee","cd689e77-dfdd-4f81-b50c-5e5a3f5e38a4","The Fool","c766c578-2b32-4e96-b697-10eace5e662e","BBY","8764bc7a-4204-40f0-9545-d30f7c83d843"
"1698932267","02 Nov 2023, 13:37","Bladee","cd689e77-dfdd-4f81-b50c-5e5a3f5e38a4","The Fool","c766c578-2b32-4e96-b697-10eace5e662e","BBY","8764bc7a-4204-40f0-9545-d30f7c83d843"
"1698890218","02 Nov 2023, 01:56","Thaiboy Digital","68d311c0-525f-4f72-a044-84e54565d02d","Legendary Member","24f6e055-65db-45fd-a870-a49d2d361ad8","Legendary Member","a3f22a5b-d13d-471f-bef7-bdf0b680b6f6"
"1698890054","02 Nov 2023, 01:54","Yung Lean","757ed661-fbad-4e45-b1cd-a6b09f06f54a","Stardust","","Bliss",""
"1698889304","02 Nov 2023, 01:41","Jonatan Leandoer96","","Nectar","1e39b9a8-68f0-4228-a4be-153fa9d8b89e","Wooden Girl",""
"1698887892","02 Nov 2023, 01:18","Ecco2K","66ab36ce-8f58-46fb-9284-396c2c90ecbd","E","d8f34771-9fef-42f7-bb3e-4d37370ed3a6","Peroxide","2e44c037-3c41-4665-9d61-263c4b9c0293"
"1698887774","02 Nov 2023, 01:16","Bladee","cd689e77-dfdd-4f81-b50c-5e5a3f5e38a4","Crest","","Girls just want to have fun",""
"1698885784","02 Nov 2023, 00:43","Chappell Roan","56a55378-f155-48de-80a5-d80104221267","HOT TO GO!","","HOT TO GO!","e619cd9d-ee35-4e37-8ee1-51b992ab95d7"
"1698885665","02 Nov 2023, 00:41","Chappell Roan","56a55378-f155-48de-80a5-d80104221267","HOT TO GO!","","HOT TO GO!","e619cd9d-ee35-4e37-8ee1-51b992ab95d7"
"1698885519","02 Nov 2023, 00:38","Free Cake For Every Creature","16f0ea6f-908f-4dcf-b0e0-473ce60b584e","Talking Quietly Of Anything With You","0d5e20f3-c176-466b-a58b-ffd3cafebdbe","For You","a284e196-7a1c-48e7-9ceb-9b0c4968245a"
"1698885388","02 Nov 2023, 00:36","Moontype","b9e16954-0de4-46a8-a3fc-a33603a37df7","Bodies of Water","1f73a6a3-99fc-4d73-b529-c9f7afdcd81c","About You","4f037613-6804-4e0e-a141-28fe2808f25c"
"1698885260","02 Nov 2023, 00:34","Saturn","a44efa31-2056-4582-bd0f-5cc4ad3f0336","omegle","","omegle",""
"1698885006","02 Nov 2023, 00:30","Saturn","a44efa31-2056-4582-bd0f-5cc4ad3f0336","qpid","","qpid",""
"1698884560","02 Nov 2023, 00:22","Jonatan Leandoer96","","Nectar","1e39b9a8-68f0-4228-a4be-153fa9d8b89e","Wooden Girl",""
"1698884308","02 Nov 2023, 00:18","Ecco2K","66ab36ce-8f58-46fb-9284-396c2c90ecbd","E","d8f34771-9fef-42f7-bb3e-4d37370ed3a6","Peroxide","2e44c037-3c41-4665-9d61-263c4b9c0293"
"1698884188","02 Nov 2023, 00:16","Bladee","cd689e77-dfdd-4f81-b50c-5e5a3f5e38a4","Crest","","Girls just want to have fun",""
"1698884036","02 Nov 2023, 00:13","chase plato","","SET YOU FREE","","SET YOU FREE",""
"1698883957","02 Nov 2023, 00:12","Mannequin Pussy","e160f589-dbe6-4b8f-88b5-f528ff4443b4","Romantic","194d21c4-05c8-48b6-9d6a-e816cbe0a809","Emotional High","0e22e4a3-f273-445c-b4e6-251117e468e6"
"1698883833","02 Nov 2023, 00:10","Fugazi","233fc3f3-6de2-465c-985e-e721dbabbace","13 Songs","2f9f575b-2bd0-4ccb-9ab5-70fae4f8dd8b","Bad Mouth","03f414b3-c88f-3e64-bf6d-f206574f23ba"
"1698883606","02 Nov 2023, 00:06","Third Eye Blind","","Blue","062ff48d-e2d2-4620-9170-cc68f3329482","Never Let You Go - 2008 Remaster",""
"1698883392","02 Nov 2023, 00:03","Ramones","d6ed7887-a401-47a8-893c-34b967444d26","Animal Boy","06881533-8cdc-420e-a618-6b02d2b0f93c","Bonzo Goes to Bitburg","359b8589-7794-3f9a-ac34-b6c29045c7b0"
"1698883136","01 Nov 2023, 23:58","Lana Del Rey","b7539c32-53e7-4908-bda3-81449c367da6","Norman Fucking Rockwell!","08674cb6-f3a6-4898-90da-773e5ef42fc1","Doin' Time","a0600fac-97a7-4e3c-94b5-86a6ee6d64f5"
"1698882712","01 Nov 2023, 23:51","Lana Del Rey","b7539c32-53e7-4908-bda3-81449c367da6","Did you know that there's a tunnel under Ocean Blvd","e333eec2-2da9-4b25-a538-fbfa364e4570","A&W","5d897846-dcaf-4440-96a9-b71e0b95e666"
"1698882025","01 Nov 2023, 23:40","Lana Del Rey","b7539c32-53e7-4908-bda3-81449c367da6","Ultraviolence (Deluxe)","","West Coast",""
"1698875570","01 Nov 2023, 21:52","Lana Del Rey","b7539c32-53e7-4908-bda3-81449c367da6","Ultraviolence (Deluxe)","","West Coast",""
"1698875461","01 Nov 2023, 21:51","CBMC","6d25994a-c078-4017-a72e-e25c26b75051","FOOTWEAR","c52b50d6-c05b-423e-a2b9-f36311fbcf67","Philadelphia II","1b3888e9-7046-4c3e-b667-1b6114e80e55"
"1698875265","01 Nov 2023, 21:47","Cyberbully Mom Club","6d25994a-c078-4017-a72e-e25c26b75051","amy locust whatever","0658f3ce-47b9-449f-81cc-8e0c0efea8ba","life time warranty","ecb37d3a-058a-4ef5-9aa2-ac9a189ab018"
"1698875120","01 Nov 2023, 21:45","Bee Blackwell","","Haunting","","Haunting",""
"1698874958","01 Nov 2023, 21:42","Hello Shark","bb0e21e1-7e19-4edd-a898-9aa6daac5fba","HS","9a6f9c6b-baa2-4ea5-90b4-f0689da8486d","Black vs. Navy Blue","d3692d6c-5274-420d-aebd-75e22e3ad4a0"
"1698874864","01 Nov 2023, 21:41","Coma Cinema","cd03ee03-deb6-4f9c-be24-970f34602de2","Blue Suicide","2822a66b-6eed-4124-9d52-b816097252d3","Caroline, Please Kill Me","78d904db-9379-4706-8ff8-944beeb980d6"
"1698874626","01 Nov 2023, 21:37","Joyce Manor","945d3b69-27cd-45fa-b491-52553a63dead","s/t","","Constant Headache","6bde849e-072e-3446-a942-2cacae29a0aa"
"1698874090","01 Nov 2023, 21:28","Charli XCX","260b6184-8828-48eb-945c-bc4cb6fc34ca","CRASH","0c41aa7d-de57-4d98-a3c0-4c740834b410","Constant Repeat","35402eb9-404c-404c-baad-545f9be32aeb"
"1698873908","01 Nov 2023, 21:25","Joyce Manor","945d3b69-27cd-45fa-b491-52553a63dead","s/t","","Constant Headache","6bde849e-072e-3446-a942-2cacae29a0aa"
"1698873773","01 Nov 2023, 21:22","kevinhilfiger","","#salem","","#goonnshit",""
"1698873267","01 Nov 2023, 21:14","Bladee","cd689e77-dfdd-4f81-b50c-5e5a3f5e38a4","Good Luck (Deluxe)","","Rainbow",""
"1698873267","01 Nov 2023, 21:14","Saturn","a44efa31-2056-4582-bd0f-5cc4ad3f0336","Throne","","Traffic",""
"1698872373","01 Nov 2023, 20:59","Kempachii","","The Internet is Where We Met","","The Internet is Where We Met",""
"1698872247","01 Nov 2023, 20:57","Bladee","cd689e77-dfdd-4f81-b50c-5e5a3f5e38a4","EXETER","2f4deb5f-2e55-41ef-ad86-2407f1dfa7fc","WONDERLAND",""
"1698872158","01 Nov 2023, 20:55","Lieu","","cry","","cry",""
"1698872001","01 Nov 2023, 20:53","Alice Gas","62770345-475e-434b-9dd8-8f335dabafe3","SORRY 4 BEING FAMOUS","b09b61f8-67bd-4215-ac7e-086cc5c4ae74","RUN IT UP",""
"1698871806","01 Nov 2023, 20:50","Charli XCX","260b6184-8828-48eb-945c-bc4cb6fc34ca","CRASH","0c41aa7d-de57-4d98-a3c0-4c740834b410","Constant Repeat","35402eb9-404c-404c-baad-545f9be32aeb"
"1698871456","01 Nov 2023, 20:44","Sematary","8f4d9eb5-7b8f-4e7e-8c05-86cb211d7a7c","Rainbow Bridge","26848505-8f8c-4862-9c12-31f4e6f7b8dc","Dental Floss","4606f74b-d8db-41ea-8abb-7fd27d7fcf18"
"1698871285","01 Nov 2023, 20:41","Bladee","cd689e77-dfdd-4f81-b50c-5e5a3f5e38a4","Icedancer","d98d0f2e-8fc2-421d-951d-7bd0d1565f74","Frosty The Snowman","92639ebc-5474-451c-82df-739e7a149420"
"1698871176","01 Nov 2023, 20:39","Saturn","a44efa31-2056-4582-bd0f-5cc4ad3f0336","2022 my year fr","","2022 my year fr",""
"1698871014","01 Nov 2023, 20:36","Alice Gas","62770345-475e-434b-9dd8-8f335dabafe3","Baloney (Freestyle)","","Baloney (Freestyle)",""
"1698870862","01 Nov 2023, 20:34","Kid Trash","e73b01fa-b95f-4abe-9ae6-1489404a463d","KISS","","BLEEDING IN THE CLUB",""
"1698870629","01 Nov 2023, 20:30","Sematary","8f4d9eb5-7b8f-4e7e-8c05-86cb211d7a7c","Rainbow Bridge 2","9036ff9e-cf3b-4d5f-9014-ee090891abd2","Skellingtons","75ceee7b-fcd7-4ed7-ab8a-e054eb63a6fa"
"1698870503","01 Nov 2023, 20:28","Xul","f5412b16-12b8-44b1-879e-285da1062157","¡!gu4na:D////:>_<^^","","¡!gu4na:D////:>_<^^",""
"1698870285","01 Nov 2023, 20:24","Buckshot","","STRAWMAN","","STRAWMAN",""
"1698870137","01 Nov 2023, 20:22","Sematary","8f4d9eb5-7b8f-4e7e-8c05-86cb211d7a7c","Rainbow Bridge 3","27379a20-8808-42f3-804b-723845b24481","Chainsaw Party","aa7bb17f-81a8-4c95-8ab6-1cb49c20660f"
"1698869962","01 Nov 2023, 20:19","8485","68eae9ac-43a1-465f-97dd-ce5ea3cb9dc9","4real","","4Real",""
"1698869826","01 Nov 2023, 20:17","Bladee","cd689e77-dfdd-4f81-b50c-5e5a3f5e38a4","Icedancer","d98d0f2e-8fc2-421d-951d-7bd0d1565f74","Side by Side",""
"1698869658","01 Nov 2023, 20:14","kevinhilfiger","","#salem","","#goonnshit",""
"1698869449","01 Nov 2023, 20:10","Bladee","cd689e77-dfdd-4f81-b50c-5e5a3f5e38a4","Good Luck (Deluxe)","","Rainbow",""
"1698869324","01 Nov 2023, 20:08","Saturn","a44efa31-2056-4582-bd0f-5cc4ad3f0336","Throne","","Traffic",""
"1698869165","01 Nov 2023, 20:06","Kempachii","","The Internet is Where We Met","","The Internet is Where We Met",""
"1698869039","01 Nov 2023, 20:03","Bladee","cd689e77-dfdd-4f81-b50c-5e5a3f5e38a4","EXETER","2f4deb5f-2e55-41ef-ad86-2407f1dfa7fc","WONDERLAND",""
"1698868951","01 Nov 2023, 20:02","Lieu","","cry","","cry",""
"1698868792","01 Nov 2023, 19:59","Alice Gas","62770345-475e-434b-9dd8-8f335dabafe3","SORRY 4 BEING FAMOUS","b09b61f8-67bd-4215-ac7e-086cc5c4ae74","RUN IT UP",""
"1698868679","01 Nov 2023, 19:57","Quinn","","a night in virginia","","two am",""
"1698868380","01 Nov 2023, 19:53","Sematary","8f4d9eb5-7b8f-4e7e-8c05-86cb211d7a7c","Rainbow Bridge 3","27379a20-8808-42f3-804b-723845b24481","Truey Jeans","dbb49c09-21fe-44ff-9707-bc597c80eeea"
"1698868265","01 Nov 2023, 19:51","novagang","","PURPLE RAIN","","PURPLE RAIN",""
"1698868091","01 Nov 2023, 19:48","Alice Gas","62770345-475e-434b-9dd8-8f335dabafe3","PULLINGALLMYHAIROUT","","Pullingallmyhairout",""
"1698867983","01 Nov 2023, 19:46","Saturn","a44efa31-2056-4582-bd0f-5cc4ad3f0336","bonk","","bonk",""
"1698867805","01 Nov 2023, 19:43","dsiboys","","Teenage Dirtbag","","Teenage Dirtbag",""
"1698867707","01 Nov 2023, 19:41","Saturn","a44efa31-2056-4582-bd0f-5cc4ad3f0336","meangirls","","meangirls",""
"1698867588","01 Nov 2023, 19:39","Bladee","cd689e77-dfdd-4f81-b50c-5e5a3f5e38a4","Icedancer","d98d0f2e-8fc2-421d-951d-7bd0d1565f74","Mallwhore Freeestyle","428a425c-4361-453e-b92d-7dc0e742d107"
"1698867487","01 Nov 2023, 19:38","SEBii","12cf6385-76d7-4af1-9f73-21dd3a6d2222","POSErr","","POSErr",""
"1698867281","01 Nov 2023, 19:34","MIMIDEATH","","Effective. Power","5cfa8773-e8b4-4a5d-b858-4d8230aa27ed","calcium","60266b40-f9a9-4192-b212-de75dbc7f5f1"
"1698867071","01 Nov 2023, 19:31","Alice Gas","","leg room","","leg room",""
"1698866906","01 Nov 2023, 19:28","8485","68eae9ac-43a1-465f-97dd-ce5ea3cb9dc9","Special","","SPECIAL",""
"1698866781","01 Nov 2023, 19:26","Kid Trash","e73b01fa-b95f-4abe-9ae6-1489404a463d","#KIDTRASHETERNAL","","EXOTIC",""
"1698866626","01 Nov 2023, 19:23","Tropes","","Antagonists","","Antagonists",""
"1698866476","01 Nov 2023, 19:21","POPSTARBILLS","","BAGGY SAID RUNTZ!!","","BAGGY SAID RUNTZ!!",""
"1698866351","01 Nov 2023, 19:19","Quinn","","a punk song about sobriety and paranoia","","Sobriety and Paranoia","214cb750-169b-4169-b405-f4abbea0bf8c"
"1698866232","01 Nov 2023, 19:17","Bladee","cd689e77-dfdd-4f81-b50c-5e5a3f5e38a4","The Fool","c766c578-2b32-4e96-b697-10eace5e662e","The Fool Intro","7c41df93-bce1-4bfc-83b6-aa1036f0264c"
"1698866113","01 Nov 2023, 19:15","Saturn","a44efa31-2056-4582-bd0f-5cc4ad3f0336","L.S.D : LESS SUNNY DAYS","","Less Intro",""
"1698865966","01 Nov 2023, 19:12","Bladee","cd689e77-dfdd-4f81-b50c-5e5a3f5e38a4","333","3ba7dd4b-9d0c-4b24-bda9-d1ba44882487","Mean Girls","bde7ff10-181e-46d0-8cf9-887866230e23"
"1698865835","01 Nov 2023, 19:10","midwxst","","Troops","","Troops",""
"1698865718","01 Nov 2023, 19:08","ericdoa","","hi, i'm dante","","movinglikeazombie",""
"1698865538","01 Nov 2023, 19:05","Sematary","8f4d9eb5-7b8f-4e7e-8c05-86cb211d7a7c","Rainbow Bridge 2","9036ff9e-cf3b-4d5f-9014-ee090891abd2","Scissor Hands","15e7a0ca-275c-4121-8044-615049794417"
"1698865417","01 Nov 2023, 19:03","Saturn","a44efa31-2056-4582-bd0f-5cc4ad3f0336","L.S.D : LESS SUNNY DAYS","","Sunny",""
"1698865268","01 Nov 2023, 19:01","Buckshot","2ff42e4d-ba2d-4fd4-8334-1eebb076bacc","Over the Hills","","OVER THE HILLS","067bb573-79c7-416a-84f3-4a204e6f18dd"
"1698865127","01 Nov 2023, 18:58","SIMULAT3DHUMAN","","AKATSUKI CLOUDS","","AKATSUKI CLOUDS",""
"1698864947","01 Nov 2023, 18:55","Bladee","cd689e77-dfdd-4f81-b50c-5e5a3f5e38a4","Red Light","725f97cb-5e7a-4bbb-be43-c6500407a940","Obedient","0dd329fc-dc8b-48f8-af75-371357348148"
"1698864785","01 Nov 2023, 18:53","Miraie","622082bf-5d17-4c13-80ea-efcae323ca5c","fate/endless line","09b8b8da-687c-4d1a-8439-e3d5d4590d23","fate/endless line","1b28e696-1b40-4ea9-995a-025e0eed96eb"
"1698864695","01 Nov 2023, 18:51","Quinn","","a night in virginia","","one am",""
"1698864512","01 Nov 2023, 18:48","Buckshot","","Treehouse","","Treehouse",""
"1698864332","01 Nov 2023, 18:45","Luvox","","Forget Me","","Forget Me",""
"1698864208","01 Nov 2023, 18:43","Ecco2K","66ab36ce-8f58-46fb-9284-396c2c90ecbd","PXE","8275ac2a-400d-499e-8757-5ea29018b8a4","In the Flesh","d5d359e9-82fa-4214-b14f-163f1c04b7cb"
"1698864039","01 Nov 2023, 18:40","Alice Gas","","Diamonds on Meee","","Diamonds on Meee",""
"1698863849","01 Nov 2023, 18:37","Bladee","cd689e77-dfdd-4f81-b50c-5e5a3f5e38a4","EVERSINCE","96e5ccf7-2ba9-4f94-944d-79ca0139c758","Who Goes There","2b236e9f-28b8-49cb-bde2-5fe0e4264fe8"
"1698863657","01 Nov 2023, 18:34","Bladee","cd689e77-dfdd-4f81-b50c-5e5a3f5e38a4","The Fool","c766c578-2b32-4e96-b697-10eace5e662e","I Think...","41fea350-c420-4e6c-b04b-fa3605c79f33"
"1698863472","01 Nov 2023, 18:31","Alice Gas","","idontcareanymore","","idontcareanymore",""
"1698862770","01 Nov 2023, 18:19","Death Grips","f9133036-ab3d-4e97-bd11-7a2c98ad148a","The Money Store","015ba8a6-97a9-4ad4-9ca4-382031177452","I've Seen Footage","0b81552c-8586-46af-968f-50bbc05b1114"
"1698862684","01 Nov 2023, 18:18","blackwinterwells","3dbc5504-766e-4374-828f-789d1e7a117c","mortal","87885809-915f-4676-9c99-d504b860a7a6","IRIS","7a7a56a0-9697-44ec-9593-c4a601dd6469"
"1698862585","01 Nov 2023, 18:16","Yung Lean","757ed661-fbad-4e45-b1cd-a6b09f06f54a","Total Eclipse","f323c3e7-3d22-47a1-b8b1-5ee30b7e8545","Smirnoff Ice","05a0ae01-e84f-4b1b-bb79-acf96f4c96a3"
"1698862433","01 Nov 2023, 18:13","Petey","","Other Stuff","","Haircut",""
"1698862213","01 Nov 2023, 18:10","Thaiboy Digital","68d311c0-525f-4f72-a044-84e54565d02d","Back 2 Life","d5851747-53b3-46f9-81b7-bf86bc4cec81","True Love","c221ac5d-9779-430a-a294-3c91e8c43549"
"1698861957","01 Nov 2023, 18:05","The Smashing Pumpkins","","Siamese Dream (Deluxe Edition)","","Today - 2011 Remaster",""
"1698861729","01 Nov 2023, 18:02","Simon & Garfunkel","5d02f264-e225-41ff-83f7-d9b1f0b1874a","Sounds of Silence","03c2b7e5-18ab-42b8-a4f9-3aac71708f59","I Am a Rock",""
"1698860894","01 Nov 2023, 17:48","Joyce Manor","945d3b69-27cd-45fa-b491-52553a63dead","s/t","","Constant Headache","6bde849e-072e-3446-a942-2cacae29a0aa"
"1698860556","01 Nov 2023, 17:42","Charli XCX","260b6184-8828-48eb-945c-bc4cb6fc34ca","CRASH","0c41aa7d-de57-4d98-a3c0-4c740834b410","Constant Repeat","35402eb9-404c-404c-baad-545f9be32aeb"
"1698860365","01 Nov 2023, 17:39","Charli XCX","260b6184-8828-48eb-945c-bc4cb6fc34ca","CRASH","0c41aa7d-de57-4d98-a3c0-4c740834b410","Constant Repeat","35402eb9-404c-404c-baad-545f9be32aeb"
"1698860176","01 Nov 2023, 17:36","Charli XCX","260b6184-8828-48eb-945c-bc4cb6fc34ca","CRASH","0c41aa7d-de57-4d98-a3c0-4c740834b410","Constant Repeat","35402eb9-404c-404c-baad-545f9be32aeb"
"1698859986","01 Nov 2023, 17:33","Charli XCX","260b6184-8828-48eb-945c-bc4cb6fc34ca","CRASH","0c41aa7d-de57-4d98-a3c0-4c740834b410","Constant Repeat","35402eb9-404c-404c-baad-545f9be32aeb"
"1698859794","01 Nov 2023, 17:29","Charli XCX","260b6184-8828-48eb-945c-bc4cb6fc34ca","CRASH","0c41aa7d-de57-4d98-a3c0-4c740834b410","Constant Repeat","35402eb9-404c-404c-baad-545f9be32aeb"
"1698859604","01 Nov 2023, 17:26","Charli XCX","260b6184-8828-48eb-945c-bc4cb6fc34ca","CRASH","0c41aa7d-de57-4d98-a3c0-4c740834b410","Constant Repeat","35402eb9-404c-404c-baad-545f9be32aeb"
"1698859414","01 Nov 2023, 17:23","Charli XCX","260b6184-8828-48eb-945c-bc4cb6fc34ca","CRASH","0c41aa7d-de57-4d98-a3c0-4c740834b410","Constant Repeat","35402eb9-404c-404c-baad-545f9be32aeb"
"1698859225","01 Nov 2023, 17:20","Charli XCX","260b6184-8828-48eb-945c-bc4cb6fc34ca","CRASH","0c41aa7d-de57-4d98-a3c0-4c740834b410","Constant Repeat","35402eb9-404c-404c-baad-545f9be32aeb"
"1698859035","01 Nov 2023, 17:17","Charli XCX","260b6184-8828-48eb-945c-bc4cb6fc34ca","CRASH","0c41aa7d-de57-4d98-a3c0-4c740834b410","Constant Repeat","35402eb9-404c-404c-baad-545f9be32aeb"
"1698858845","01 Nov 2023, 17:14","Charli XCX","260b6184-8828-48eb-945c-bc4cb6fc34ca","CRASH","0c41aa7d-de57-4d98-a3c0-4c740834b410","Constant Repeat","35402eb9-404c-404c-baad-545f9be32aeb"
"1698858655","01 Nov 2023, 17:10","Charli XCX","260b6184-8828-48eb-945c-bc4cb6fc34ca","CRASH","0c41aa7d-de57-4d98-a3c0-4c740834b410","Constant Repeat","35402eb9-404c-404c-baad-545f9be32aeb"
"1698858465","01 Nov 2023, 17:07","Charli XCX","260b6184-8828-48eb-945c-bc4cb6fc34ca","CRASH","0c41aa7d-de57-4d98-a3c0-4c740834b410","Constant Repeat","35402eb9-404c-404c-baad-545f9be32aeb"
"1698858275","01 Nov 2023, 17:04","Charli XCX","260b6184-8828-48eb-945c-bc4cb6fc34ca","CRASH","0c41aa7d-de57-4d98-a3c0-4c740834b410","Constant Repeat","35402eb9-404c-404c-baad-545f9be32aeb"
"1698858086","01 Nov 2023, 17:01","Charli XCX","260b6184-8828-48eb-945c-bc4cb6fc34ca","CRASH","0c41aa7d-de57-4d98-a3c0-4c740834b410","Constant Repeat","35402eb9-404c-404c-baad-545f9be32aeb"
"1698857895","01 Nov 2023, 16:58","Charli XCX","260b6184-8828-48eb-945c-bc4cb6fc34ca","CRASH","0c41aa7d-de57-4d98-a3c0-4c740834b410","Constant Repeat","35402eb9-404c-404c-baad-545f9be32aeb"
"1698857244","01 Nov 2023, 16:47","Charli XCX","260b6184-8828-48eb-945c-bc4cb6fc34ca","CRASH","0c41aa7d-de57-4d98-a3c0-4c740834b410","Constant Repeat","35402eb9-404c-404c-baad-545f9be32aeb"
"1698856922","01 Nov 2023, 16:42","Charli XCX","260b6184-8828-48eb-945c-bc4cb6fc34ca","CRASH","0c41aa7d-de57-4d98-a3c0-4c740834b410","Constant Repeat","35402eb9-404c-404c-baad-545f9be32aeb"
"1698856364","01 Nov 2023, 16:32","Charli XCX","260b6184-8828-48eb-945c-bc4cb6fc34ca","CRASH","0c41aa7d-de57-4d98-a3c0-4c740834b410","Constant Repeat","35402eb9-404c-404c-baad-545f9be32aeb"
"1698856176","01 Nov 2023, 16:29","Charli XCX","260b6184-8828-48eb-945c-bc4cb6fc34ca","CRASH","0c41aa7d-de57-4d98-a3c0-4c740834b410","Constant Repeat","35402eb9-404c-404c-baad-545f9be32aeb"
"1698855961","01 Nov 2023, 16:26","Charli XCX","260b6184-8828-48eb-945c-bc4cb6fc34ca","CRASH","0c41aa7d-de57-4d98-a3c0-4c740834b410","Baby","717eb033-c0a8-4d87-8f0e-f0517c8a69e1"
"1698855827","01 Nov 2023, 16:23","Charli XCX","260b6184-8828-48eb-945c-bc4cb6fc34ca","Beg For You (feat. Rina Sawayama)","","Beg for You (feat. Rina Sawayama)",""
"1698855703","01 Nov 2023, 16:21","Charli XCX","260b6184-8828-48eb-945c-bc4cb6fc34ca","how i'm feeling now","0690e824-9bbd-4b09-bf5d-673394ca5afe","pink diamond","3591e351-1d3a-44be-8d79-a6e735e08eeb"
"1698855500","01 Nov 2023, 16:18","Charli XCX","260b6184-8828-48eb-945c-bc4cb6fc34ca","Charli","6fdb3260-eac7-4ad9-8c72-92f45d9ca836","White Mercedes","002c6088-7214-44e7-a7a7-0e04506519c2"
"1698855267","01 Nov 2023, 16:14","Charli XCX","260b6184-8828-48eb-945c-bc4cb6fc34ca","Charli","6fdb3260-eac7-4ad9-8c72-92f45d9ca836","Gone",""
"1698855042","01 Nov 2023, 16:10","Charli XCX","260b6184-8828-48eb-945c-bc4cb6fc34ca","Speed Drive (From Barbie the Album)","","Speed Drive (From Barbie the Album)",""
"1698854744","01 Nov 2023, 16:05","Charli XCX","260b6184-8828-48eb-945c-bc4cb6fc34ca","SUCKER","4779467d-f891-4621-8727-23be51a20593","Break the Rules","f908dde1-7b60-4a89-b909-70482cb09dea"
"1698854378","01 Nov 2023, 15:59","Pavement","","Brighten the Corners","0cdcf8f2-0042-4702-9c0b-6e668007f33c","Type Slowly","6577d6f4-7edc-49e7-afc5-dd8577285b08"
"1698853767","01 Nov 2023, 15:49","Momma","a17342a6-e661-4874-9687-957caf010377","Apollo/Highway","b9eddc67-424e-43be-8da1-3e1cc823f8d6","Highway","7a00cfb1-c8ba-4668-9a26-2c66401d024f"
"1698853621","01 Nov 2023, 15:47","Momma","a17342a6-e661-4874-9687-957caf010377","Two of Me","957e49cb-eb72-4ec1-b8f9-d5e3ab080a4a","Biohazard","3c828d39-da82-4aea-bab4-94b2b67b3340"
"1698853425","01 Nov 2023, 15:43","Momma","a17342a6-e661-4874-9687-957caf010377","Two of Me","957e49cb-eb72-4ec1-b8f9-d5e3ab080a4a","Carny","1074d2e0-6495-4dd9-97f8-21f309a051b1"
"1698853320","01 Nov 2023, 15:42","Momma","a17342a6-e661-4874-9687-957caf010377","Interloper","","Interloper",""
"1698852755","01 Nov 2023, 15:32","Bladee","cd689e77-dfdd-4f81-b50c-5e5a3f5e38a4","EXETER","2f4deb5f-2e55-41ef-ad86-2407f1dfa7fc","IMAGINARY","56f65426-ee67-4e32-b199-4450ab63ca8f"
"1698852625","01 Nov 2023, 15:30","Bladee","cd689e77-dfdd-4f81-b50c-5e5a3f5e38a4","333","3ba7dd4b-9d0c-4b24-bda9-d1ba44882487","Innocent of All Things","a7d47503-8dac-4abf-bb1e-884d614d8bd0"
"1698852502","01 Nov 2023, 15:28","Bladee","cd689e77-dfdd-4f81-b50c-5e5a3f5e38a4","333","3ba7dd4b-9d0c-4b24-bda9-d1ba44882487","Reality Surf","48c1e570-bae6-4244-8cbc-bfb2c16a62e0"
"1698852362","01 Nov 2023, 15:26","Ecco2K","66ab36ce-8f58-46fb-9284-396c2c90ecbd","D&G","16deea48-586c-452c-a30a-b6480a578606","Black Boy","1aab07eb-e972-421d-ac82-21d3218f2119"
"1698852227","01 Nov 2023, 15:23","Bladee","cd689e77-dfdd-4f81-b50c-5e5a3f5e38a4","Girls just want to have fun","3049d6bb-02fa-4997-b28c-56d58f703582","Girls just want to have fun",""
"1698852055","01 Nov 2023, 15:20","Bladee","cd689e77-dfdd-4f81-b50c-5e5a3f5e38a4","EVERSINCE","96e5ccf7-2ba9-4f94-944d-79ca0139c758","Romeo","57598a87-68c6-414d-af56-e8a096bce9c2"
"1698851928","01 Nov 2023, 15:18","Bladee","cd689e77-dfdd-4f81-b50c-5e5a3f5e38a4","Icedancer","d98d0f2e-8fc2-421d-951d-7bd0d1565f74","Be Nice 2 Me","fc3bbb2d-cbb9-44b2-8925-c17a1b54e8a3"
"1698847291","01 Nov 2023, 14:01","Momma","a17342a6-e661-4874-9687-957caf010377","Two of Me","957e49cb-eb72-4ec1-b8f9-d5e3ab080a4a","Derby","02002c55-3582-4dba-9399-18414419fff1"
"1698842870","01 Nov 2023, 12:47","Momma","a17342a6-e661-4874-9687-957caf010377","Sunday / Medicine","","Sunday",""
"1698842748","01 Nov 2023, 12:45","Bladee","cd689e77-dfdd-4f81-b50c-5e5a3f5e38a4","The Fool","c766c578-2b32-4e96-b697-10eace5e662e","desiree","cf4eda0a-ff5c-4b58-ab7e-35d4466ec82f"
"1698842571","01 Nov 2023, 12:42","Bladee","cd689e77-dfdd-4f81-b50c-5e5a3f5e38a4","Gluee","250bafde-fd0c-4490-a728-5f741f55f670","UPGRADE ENABLED","4c1ab158-33ff-4190-a459-80ee9ba02b45"
"1698842452","01 Nov 2023, 12:40","Bladee","cd689e77-dfdd-4f81-b50c-5e5a3f5e38a4","333","3ba7dd4b-9d0c-4b24-bda9-d1ba44882487","Hero of My Story 3style3","7b0c2635-a118-4be3-bf90-58d86e915f0d"
"1698842220","01 Nov 2023, 12:37","Bladee","cd689e77-dfdd-4f81-b50c-5e5a3f5e38a4","Plastic Surgery","221dcc39-5439-4ab6-9ece-9ee5c899d6e7","Doorman","b3a3fc52-6692-48c9-9319-66ebeb687d19"
"1698842048","01 Nov 2023, 12:34","Bladee","cd689e77-dfdd-4f81-b50c-5e5a3f5e38a4","EVERSINCE","96e5ccf7-2ba9-4f94-944d-79ca0139c758","Romeo","57598a87-68c6-414d-af56-e8a096bce9c2"
"1698841764","01 Nov 2023, 12:29","Bladee","cd689e77-dfdd-4f81-b50c-5e5a3f5e38a4","Good Luck (Deluxe)","","Gates",""
"1698841638","01 Nov 2023, 12:27","Bladee","cd689e77-dfdd-4f81-b50c-5e5a3f5e38a4","Icedancer","d98d0f2e-8fc2-421d-951d-7bd0d1565f74","Be Nice 2 Me","fc3bbb2d-cbb9-44b2-8925-c17a1b54e8a3"
"1698841350","01 Nov 2023, 12:22","Bladee","cd689e77-dfdd-4f81-b50c-5e5a3f5e38a4","EVERSINCE","96e5ccf7-2ba9-4f94-944d-79ca0139c758","Who Goes There","2b236e9f-28b8-49cb-bde2-5fe0e4264fe8"
"1698841048","01 Nov 2023, 12:17","Bladee","","Every Summer","","Every Summer",""
"1698840883","01 Nov 2023, 12:14","Bladee","cd689e77-dfdd-4f81-b50c-5e5a3f5e38a4","The Fool","c766c578-2b32-4e96-b697-10eace5e662e","Trendy","8dabdca5-edd3-44c1-8e7c-eac215e4af9b"
"1698840725","01 Nov 2023, 12:12","Cartier God","cfefa885-8424-49d8-9bfe-6997c33bdb77","Let Me Go","","Let Me Go",""
